{"stats":{"minecraft:custom":{"minecraft:time_since_rest":19159,"minecraft:sprint_one_cm":69698,"minecraft:damage_taken":485,"minecraft:walk_one_cm":35963,"minecraft:mob_kills":1,"minecraft:drop":3,"minecraft:damage_dealt":201,"minecraft:swim_one_cm":8417,"minecraft:interact_with_crafting_table":1,"minecraft:fly_one_cm":52937,"minecraft:open_chest":3,"minecraft:crouch_one_cm":295,"minecraft:play_time":23188,"minecraft:deaths":1,"minecraft:sneak_time":199,"minecraft:walk_under_water_one_cm":136,"minecraft:jump":258,"minecraft:leave_game":2,"minecraft:walk_on_water_one_cm":1813,"minecraft:time_since_death":19129,"minecraft:total_world_time":23188,"minecraft:fall_one_cm":9044},"minecraft:broken":{"minecraft:iron_pickaxe":1},"minecraft:killed":{"minecraft:zombie":1},"minecraft:crafted":{"minecraft:bread":19},"minecraft:picked_up":{"minecraft:iron_chestplate":2,"minecraft:raw_iron":25,"minecraft:andesite":7,"minecraft:leather_leggings":1,"minecraft:torch":64,"minecraft:tuff":11,"minecraft:diorite":11,"minecraft:redstone":46,"minecraft:iron_axe":1,"minecraft:iron_leggings":2,"minecraft:rotten_flesh":3,"minecraft:diamond":5,"minecraft:cobbled_deepslate":159,"minecraft:bucket":1,"minecraft:iron_helmet":2,"minecraft:bread":18,"minecraft:iron_pickaxe":1,"minecraft:sugar_cane":6,"minecraft:coal":4,"minecraft:iron_sword":1,"minecraft:cobblestone":16,"minecraft:iron_boots":2},"minecraft:dropped":{"minecraft:rotten_flesh":3},"minecraft:mined":{"minecraft:deepslate_redstone_ore":8,"minecraft:tuff":11,"minecraft:redstone_ore":2,"minecraft:deepslate_diamond_ore":5,"minecraft:iron_ore":25,"minecraft:andesite":7,"minecraft:coal_ore":4,"minecraft:stone":17,"minecraft:sugar_cane":6,"minecraft:diorite":11,"minecraft:deepslate":160},"minecraft:used":{"minecraft:water_bucket":1,"minecraft:bread":5,"minecraft:iron_pickaxe":250,"minecraft:iron_helmet":2,"minecraft:iron_sword":4,"minecraft:iron_boots":2,"minecraft:sugar_cane":6,"minecraft:iron_chestplate":2,"minecraft:torch":26,"minecraft:andesite":6,"minecraft:bucket":2,"minecraft:iron_leggings":2}},"DataVersion":3953}