{"stats":{"minecraft:mined":{"minecraft:deepslate_redstone_ore":14,"minecraft:tuff":15,"minecraft:acacia_leaves":2,"minecraft:oak_door":1,"minecraft:glow_lichen":1,"minecraft:granite":22,"minecraft:short_grass":1,"minecraft:acacia_log":57,"minecraft:grass_block":18,"minecraft:tall_grass":1,"minecraft:copper_ore":2,"minecraft:diorite":10,"minecraft:wall_torch":1,"minecraft:spawner":1,"minecraft:birch_log":31,"minecraft:iron_ore":31,"minecraft:wheat":160,"minecraft:birch_leaves":39,"minecraft:deepslate_lapis_ore":1,"minecraft:potatoes":11,"minecraft:oak_log":16,"minecraft:deepslate_iron_ore":21,"minecraft:gravel":11,"minecraft:dirt":13,"minecraft:stone":43,"minecraft:oak_leaves":8,"minecraft:deepslate":32},"minecraft:picked_up":{"minecraft:birch_log":31,"minecraft:iron_chestplate":7,"minecraft:wheat":168,"minecraft:cooked_beef":9,"minecraft:chainmail_boots":3,"minecraft:water_bucket":3,"minecraft:andesite":9,"minecraft:potato":41,"minecraft:enchanted_book":1,"minecraft:flint":3,"minecraft:tuff":24,"minecraft:oak_log":16,"minecraft:gunpowder":7,"minecraft:acacia_boat":3,"minecraft:music_disc_cat":1,"minecraft:lapis_lazuli":45,"minecraft:string":2,"minecraft:dirt":51,"minecraft:raw_copper":8,"minecraft:name_tag":1,"minecraft:bone":24,"minecraft:apple":1,"minecraft:bow":6,"minecraft:wheat_seeds":469,"minecraft:cobbled_deepslate":82,"minecraft:raw_gold":18,"minecraft:bucket":1,"minecraft:iron_ingot":4,"minecraft:stone_pickaxe":20,"minecraft:calcite":6,"minecraft:iron_pickaxe":7,"minecraft:birch_sapling":3,"minecraft:chest":2,"minecraft:iron_sword":9,"minecraft:acacia_sapling":8,"minecraft:egg":1,"minecraft:iron_boots":4,"minecraft:stick":66,"minecraft:raw_iron":78,"minecraft:smooth_basalt":5,"minecraft:oak_door":3,"minecraft:torch":569,"minecraft:acacia_log":57,"minecraft:gravel":34,"minecraft:amethyst_shard":9,"minecraft:diorite":21,"minecraft:carrot":18,"minecraft:redstone":146,"minecraft:golden_chestplate":1,"minecraft:diamond":5,"minecraft:pumpkin_seeds":4,"minecraft:stone_sword":8,"minecraft:arrow":18,"minecraft:rotten_flesh":39,"minecraft:slime_ball":22,"minecraft:armadillo_scute":1,"minecraft:granite":56,"minecraft:bone_meal":17,"minecraft:golden_apple":3,"minecraft:bread":294,"minecraft:golden_horse_armor":2,"minecraft:oak_sapling":5,"minecraft:coal":40,"minecraft:cobblestone":196},"minecraft:killed_by":{"minecraft:skeleton":6,"minecraft:zombie":6},"minecraft:dropped":{"minecraft:bread":40,"minecraft:cooked_beef":3,"minecraft:torch":35,"minecraft:stone_pickaxe":5,"minecraft:bone":40},"minecraft:used":{"minecraft:wheat_seeds":170,"minecraft:acacia_boat":3,"minecraft:water_bucket":2,"minecraft:stone_sword":31,"minecraft:stone_pickaxe":178,"minecraft:iron_sword":47,"minecraft:torch":79,"minecraft:dirt":32,"minecraft:carrot":2,"minecraft:iron_hoe":159,"minecraft:bread":15,"minecraft:iron_pickaxe":36,"minecraft:stone_axe":155,"minecraft:cobblestone":70,"minecraft:bow":5,"minecraft:bucket":2,"minecraft:potato":30,"minecraft:cobbled_deepslate":10,"minecraft:bone_meal":11},"minecraft:custom":{"minecraft:interact_with_anvil":2,"minecraft:mob_kills":12,"minecraft:interact_with_crafting_table":3,"minecraft:leave_game":1,"minecraft:time_since_death":72155,"minecraft:sleep_in_bed":10,"minecraft:time_since_rest":7016,"minecraft:sprint_one_cm":339009,"minecraft:damage_taken":4135,"minecraft:walk_one_cm":1166213,"minecraft:drop":123,"minecraft:damage_dealt":3324,"minecraft:swim_one_cm":22865,"minecraft:talked_to_villager":12,"minecraft:fly_one_cm":38315,"minecraft:player_kills":3,"minecraft:open_chest":70,"minecraft:crouch_one_cm":653,"minecraft:play_time":192572,"minecraft:deaths":13,"minecraft:sneak_time":667,"minecraft:walk_under_water_one_cm":8649,"minecraft:boat_one_cm":38687,"minecraft:jump":1184,"minecraft:walk_on_water_one_cm":24192,"minecraft:total_world_time":192572,"minecraft:fall_one_cm":15851},"minecraft:killed":{"minecraft:creeper":2,"minecraft:zombie":10},"minecraft:crafted":{"minecraft:birch_planks":124,"minecraft:stone_axe":5,"minecraft:birch_fence":15,"minecraft:stick":16},"minecraft:broken":{"minecraft:stone_axe":1}},"DataVersion":3953}