{"stats":{"minecraft:mined":{"minecraft:nether_gold_ore":11,"minecraft:white_bed":3,"minecraft:oak_door":2,"minecraft:glow_lichen":1,"minecraft:lever":2,"minecraft:granite":6,"minecraft:budding_amethyst":14,"minecraft:acacia_log":50,"minecraft:grass_block":123,"minecraft:redstone_wire":3,"minecraft:deepslate_bricks":2,"minecraft:polished_diorite":23,"minecraft:hay_block":7,"minecraft:tall_seagrass":1,"minecraft:glowstone":21,"minecraft:carrots":19,"minecraft:iron_ore":56,"minecraft:cobbled_deepslate":10,"minecraft:acacia_wood":1,"minecraft:andesite":336,"minecraft:pumpkin":8,"minecraft:deepslate_lapis_ore":4,"minecraft:bell":1,"minecraft:polished_deepslate":2,"minecraft:potatoes":97,"minecraft:dirt_path":1,"minecraft:stripped_acacia_log":2,"minecraft:stone":1290,"minecraft:orange_bed":3,"minecraft:acacia_leaves":6,"minecraft:red_bed":6,"minecraft:polished_granite":63,"minecraft:torch":6,"minecraft:short_grass":33,"minecraft:calcite":5,"minecraft:chest":2,"minecraft:copper_ore":5,"minecraft:tall_grass":10,"minecraft:cobblestone":43,"minecraft:deepslate_gold_ore":11,"minecraft:lapis_ore":6,"minecraft:sugar_cane":50,"minecraft:diorite":31,"minecraft:wall_torch":37,"minecraft:amethyst_block":196,"minecraft:seagrass":1,"minecraft:wheat":31,"minecraft:coal_ore":214,"minecraft:oak_log":7,"minecraft:sand":23,"minecraft:dirt":341,"minecraft:smooth_basalt":24,"minecraft:polished_andesite":7,"minecraft:netherrack":215,"minecraft:oak_leaves":1,"minecraft:deepslate":323},"minecraft:picked_up":{"minecraft:charcoal":24,"minecraft:iron_chestplate":7,"minecraft:wheat":15,"minecraft:chicken":4,"minecraft:lead":2,"minecraft:chain":1,"minecraft:shield":2,"minecraft:golden_sword":6,"minecraft:amethyst_block":195,"minecraft:iron_axe":2,"minecraft:red_bed":7,"minecraft:string":5,"minecraft:raw_copper":17,"minecraft:iron_leggings":5,"minecraft:iron_shovel":3,"minecraft:gold_nugget":123,"minecraft:cobbled_deepslate":359,"minecraft:bucket":6,"minecraft:beef":1,"minecraft:acacia_fence_gate":1,"minecraft:calcite":7,"minecraft:poppy":4,"minecraft:iron_pickaxe":16,"minecraft:sugar_cane":125,"minecraft:chest":2,"minecraft:iron_boots":12,"minecraft:egg":4,"minecraft:stick":290,"minecraft:raw_iron":106,"minecraft:acacia_fence":1,"minecraft:oak_door":8,"minecraft:torch":1166,"minecraft:acacia_log":76,"minecraft:porkchop":3,"minecraft:diorite":53,"minecraft:carrot":340,"minecraft:redstone":24,"minecraft:golden_chestplate":7,"minecraft:orange_bed":3,"minecraft:stone_shovel":9,"minecraft:stone_sword":20,"minecraft:arrow":28,"minecraft:rotten_flesh":21,"minecraft:tropical_fish":1,"minecraft:hay_block":7,"minecraft:gold_ingot":18,"minecraft:glow_berries":2,"minecraft:rail":4,"minecraft:cobblestone":1566,"minecraft:feather":4,"minecraft:cooked_beef":44,"minecraft:andesite":298,"minecraft:water_bucket":1,"minecraft:salmon":6,"minecraft:leather":55,"minecraft:golden_leggings":4,"minecraft:acacia_wood":1,"minecraft:potato":330,"minecraft:oak_log":84,"minecraft:golden_boots":3,"minecraft:acacia_boat":1,"minecraft:gunpowder":2,"minecraft:dirt":846,"minecraft:map":4,"minecraft:lapis_lazuli":73,"minecraft:paper":6,"minecraft:polished_granite":405,"minecraft:cooked_mutton":7,"minecraft:bone":8,"minecraft:acacia_planks":12,"minecraft:apple":1,"minecraft:bow":3,"minecraft:wheat_seeds":64,"minecraft:acacia_trapdoor":1,"minecraft:raw_gold":11,"minecraft:bell":1,"minecraft:stone_pickaxe":57,"minecraft:iron_ingot":19,"minecraft:glowstone_dust":37,"minecraft:powered_rail":1,"minecraft:acacia_sapling":2,"minecraft:stone_hoe":1,"minecraft:iron_sword":6,"minecraft:oak_planks":4,"minecraft:book":95,"minecraft:smooth_basalt":90,"minecraft:pumpkin":8,"minecraft:poisonous_potato":1,"minecraft:lava_bucket":1,"minecraft:sand":23,"minecraft:amethyst_shard":4,"minecraft:ink_sac":5,"minecraft:white_bed":3,"minecraft:spectral_arrow":27,"minecraft:iron_hoe":1,"minecraft:stripped_acacia_log":10,"minecraft:polished_andesite":150,"minecraft:polished_diorite":549,"minecraft:stone_axe":15,"minecraft:lever":1,"minecraft:short_grass":6,"minecraft:iron_helmet":5,"minecraft:granite":7,"minecraft:bone_meal":1,"minecraft:bread":50,"minecraft:baked_potato":373,"minecraft:melon_seeds":2,"minecraft:netherrack":307,"minecraft:coal":362,"minecraft:diamond_pickaxe":2},"minecraft:killed_by":{"minecraft:zombie_villager":1,"minecraft:player":2,"minecraft:zombified_piglin":11,"minecraft:creeper":2,"minecraft:iron_golem":3,"minecraft:skeleton":2},"minecraft:used":{"minecraft:stone_sword":105,"minecraft:iron_shovel":43,"minecraft:stone_shovel":211,"minecraft:redstone":17,"minecraft:chest":2,"minecraft:shield":2,"minecraft:iron_sword":5,"minecraft:wooden_shovel":177,"minecraft:netherrack":70,"minecraft:oak_door":8,"minecraft:orange_bed":3,"minecraft:torch":206,"minecraft:dirt":416,"minecraft:carrot":6,"minecraft:polished_diorite":268,"minecraft:glass":2,"minecraft:lava_bucket":3,"minecraft:iron_axe":1,"minecraft:smooth_basalt":129,"minecraft:glowstone":3,"minecraft:golden_sword":25,"minecraft:bow":55,"minecraft:hay_block":2,"minecraft:acacia_wood":1,"minecraft:cooked_beef":14,"minecraft:potato":121,"minecraft:cobbled_deepslate":35,"minecraft:short_grass":1,"minecraft:wheat_seeds":45,"minecraft:water_bucket":3,"minecraft:diorite":16,"minecraft:amethyst_block":195,"minecraft:polished_andesite":6,"minecraft:stone_pickaxe":2922,"minecraft:baked_potato":11,"minecraft:sugar_cane":59,"minecraft:red_bed":6,"minecraft:white_bed":1,"minecraft:oak_log":1,"minecraft:lever":2,"minecraft:diamond_pickaxe":8,"minecraft:apple":1,"minecraft:bread":18,"minecraft:iron_pickaxe":46,"minecraft:polished_granite":335,"minecraft:stone_axe":41,"minecraft:cobblestone":173,"minecraft:bucket":8,"minecraft:andesite":87},"minecraft:dropped":{"minecraft:iron_ingot":2,"minecraft:water_bucket":1,"minecraft:acacia_boat":1,"minecraft:iron_sword":1,"minecraft:short_grass":5,"minecraft:wheat_seeds":1,"minecraft:cooked_beef":17,"minecraft:book":19,"minecraft:cobblestone":24,"minecraft:granite":1,"minecraft:acacia_log":26,"minecraft:rail":2,"minecraft:acacia_trapdoor":1,"minecraft:coal":58,"minecraft:golden_apple":1,"minecraft:dirt":1,"minecraft:ink_sac":5,"minecraft:torch":48,"minecraft:acacia_fence_gate":1,"minecraft:gold_nugget":125,"minecraft:sugar":5,"minecraft:string":2,"minecraft:bucket":1,"minecraft:gold_ingot":36,"minecraft:smooth_basalt":1,"minecraft:bone":3,"minecraft:polished_diorite":1,"minecraft:stone_axe":1,"minecraft:stone_sword":1,"minecraft:cobbled_deepslate":3,"minecraft:stone_shovel":2,"minecraft:rotten_flesh":12,"minecraft:iron_boots":2,"minecraft:enchanted_golden_apple":1,"minecraft:salmon":3,"minecraft:poppy":3,"minecraft:andesite":56,"minecraft:melon_seeds":2,"minecraft:acacia_sapling":2,"minecraft:golden_leggings":1,"minecraft:golden_sword":1,"minecraft:stripped_acacia_log":8,"minecraft:stone_pickaxe":3,"minecraft:acacia_fence":1,"minecraft:egg":1},"minecraft:custom":{"minecraft:mob_kills":51,"minecraft:interact_with_anvil":2,"minecraft:interact_with_crafting_table":33,"minecraft:bell_ring":12,"minecraft:leave_game":2,"minecraft:time_since_death":22539,"minecraft:climb_one_cm":1152,"minecraft:sprint_one_cm":241852,"minecraft:walk_one_cm":2406311,"minecraft:damage_blocked_by_shield":120,"minecraft:drop":469,"minecraft:talked_to_villager":2,"minecraft:play_time":657139,"minecraft:deaths":24,"minecraft:sneak_time":1412,"minecraft:walk_under_water_one_cm":104382,"minecraft:boat_one_cm":24805,"minecraft:jump":5322,"minecraft:walk_on_water_one_cm":81225,"minecraft:total_world_time":657139,"minecraft:interact_with_furnace":99,"minecraft:interact_with_cartography_table":1,"minecraft:sleep_in_bed":38,"minecraft:time_since_rest":22627,"minecraft:damage_taken":9476,"minecraft:damage_dealt":3772,"minecraft:swim_one_cm":4230,"minecraft:fly_one_cm":95731,"minecraft:open_chest":291,"minecraft:crouch_one_cm":2380,"minecraft:interact_with_smoker":19,"minecraft:fall_one_cm":75261,"minecraft:use_cauldron":1,"minecraft:horse_one_cm":3808},"minecraft:killed":{"minecraft:armadillo":1,"minecraft:zombified_piglin":7,"minecraft:spider":2,"minecraft:skeleton":6,"minecraft:chicken":2,"minecraft:pig":1,"minecraft:salmon":4,"minecraft:bat":3,"minecraft:creeper":1,"minecraft:squid":2,"minecraft:zombie":8,"minecraft:donkey":1,"minecraft:cow":3},"minecraft:crafted":{"minecraft:oak_planks":24,"minecraft:stone_shovel":6,"minecraft:birch_wood":27,"minecraft:lever":1,"minecraft:cooked_mutton":7,"minecraft:stone_pickaxe":26,"minecraft:golden_sword":1,"minecraft:golden_boots":1,"minecraft:cooked_beef":100,"minecraft:sugar":5,"minecraft:wooden_shovel":3,"minecraft:acacia_wood":3,"minecraft:baked_potato":160,"minecraft:copper_ingot":24,"minecraft:birch_planks":76,"minecraft:oak_wood":6,"minecraft:glowstone":8,"minecraft:golden_leggings":1,"minecraft:stick":356,"minecraft:iron_ingot":2,"minecraft:stone_sword":10,"minecraft:acacia_planks":36,"minecraft:torch":492},"minecraft:broken":{"minecraft:golden_helmet":2,"minecraft:wooden_shovel":3,"minecraft:stone_pickaxe":21,"minecraft:golden_sword":1,"minecraft:iron_pickaxe":1}},"DataVersion":3953}