{"stats":{"minecraft:mined":{"minecraft:white_bed":3,"minecraft:oak_door":2,"minecraft:glow_lichen":1,"minecraft:granite":1,"minecraft:budding_amethyst":14,"minecraft:acacia_log":39,"minecraft:grass_block":80,"minecraft:deepslate_bricks":2,"minecraft:polished_diorite":23,"minecraft:hay_block":7,"minecraft:tall_seagrass":1,"minecraft:carrots":6,"minecraft:iron_ore":48,"minecraft:cobbled_deepslate":10,"minecraft:acacia_wood":1,"minecraft:andesite":336,"minecraft:pumpkin":8,"minecraft:polished_deepslate":2,"minecraft:stripped_acacia_log":2,"minecraft:stone":1216,"minecraft:orange_bed":3,"minecraft:acacia_leaves":5,"minecraft:red_bed":6,"minecraft:polished_granite":63,"minecraft:torch":4,"minecraft:short_grass":21,"minecraft:calcite":5,"minecraft:chest":2,"minecraft:cobblestone":43,"minecraft:copper_ore":5,"minecraft:tall_grass":3,"minecraft:lapis_ore":6,"minecraft:sugar_cane":4,"minecraft:diorite":20,"minecraft:wall_torch":35,"minecraft:amethyst_block":196,"minecraft:seagrass":1,"minecraft:wheat":5,"minecraft:oak_log":6,"minecraft:coal_ore":42,"minecraft:sand":21,"minecraft:dirt":313,"minecraft:smooth_basalt":24,"minecraft:polished_andesite":7,"minecraft:oak_leaves":1,"minecraft:deepslate":1},"minecraft:picked_up":{"minecraft:iron_chestplate":2,"minecraft:chicken":4,"minecraft:chain":1,"minecraft:amethyst_block":195,"minecraft:string":1,"minecraft:red_bed":6,"minecraft:raw_copper":17,"minecraft:iron_leggings":1,"minecraft:gold_nugget":4,"minecraft:cobbled_deepslate":75,"minecraft:bucket":2,"minecraft:beef":1,"minecraft:acacia_fence_gate":1,"minecraft:calcite":7,"minecraft:iron_pickaxe":8,"minecraft:sugar_cane":13,"minecraft:chest":2,"minecraft:iron_boots":7,"minecraft:egg":3,"minecraft:stick":42,"minecraft:raw_iron":96,"minecraft:acacia_fence":1,"minecraft:oak_door":8,"minecraft:torch":376,"minecraft:acacia_log":65,"minecraft:diorite":45,"minecraft:carrot":154,"minecraft:golden_chestplate":2,"minecraft:orange_bed":3,"minecraft:stone_sword":6,"minecraft:arrow":4,"minecraft:rotten_flesh":7,"minecraft:stone_shovel":4,"minecraft:hay_block":7,"minecraft:glow_berries":2,"minecraft:rail":4,"minecraft:cobblestone":1284,"minecraft:feather":4,"minecraft:andesite":298,"minecraft:salmon":1,"minecraft:leather":55,"minecraft:acacia_wood":1,"minecraft:oak_log":6,"minecraft:gunpowder":2,"minecraft:map":4,"minecraft:lapis_lazuli":44,"minecraft:dirt":710,"minecraft:paper":6,"minecraft:polished_granite":405,"minecraft:cooked_mutton":7,"minecraft:bone":4,"minecraft:apple":1,"minecraft:wheat_seeds":17,"minecraft:iron_ingot":9,"minecraft:stone_pickaxe":9,"minecraft:powered_rail":1,"minecraft:acacia_sapling":2,"minecraft:book":95,"minecraft:smooth_basalt":90,"minecraft:pumpkin":8,"minecraft:lava_bucket":1,"minecraft:sand":21,"minecraft:amethyst_shard":4,"minecraft:white_bed":2,"minecraft:ink_sac":3,"minecraft:stripped_acacia_log":10,"minecraft:iron_hoe":1,"minecraft:polished_andesite":150,"minecraft:polished_diorite":549,"minecraft:stone_axe":13,"minecraft:short_grass":6,"minecraft:iron_helmet":2,"minecraft:granite":1,"minecraft:bone_meal":1,"minecraft:bread":50,"minecraft:melon_seeds":2,"minecraft:coal":55,"minecraft:diamond_pickaxe":2},"minecraft:killed_by":{"minecraft:zombified_piglin":9,"minecraft:creeper":1,"minecraft:skeleton":1},"minecraft:dropped":{"minecraft:short_grass":5,"minecraft:book":19,"minecraft:cobblestone":21,"minecraft:acacia_log":26,"minecraft:rail":2,"minecraft:golden_apple":1,"minecraft:ink_sac":3,"minecraft:acacia_fence_gate":1,"minecraft:sugar":5,"minecraft:smooth_basalt":1,"minecraft:polished_diorite":1,"minecraft:enchanted_golden_apple":1,"minecraft:andesite":56,"minecraft:melon_seeds":2,"minecraft:acacia_sapling":2,"minecraft:stripped_acacia_log":8,"minecraft:stone_pickaxe":2,"minecraft:acacia_fence":1},"minecraft:used":{"minecraft:stone_sword":72,"minecraft:stone_shovel":94,"minecraft:chest":2,"minecraft:wooden_shovel":177,"minecraft:oak_door":8,"minecraft:orange_bed":3,"minecraft:torch":97,"minecraft:dirt":212,"minecraft:carrot":5,"minecraft:polished_diorite":268,"minecraft:smooth_basalt":129,"minecraft:bow":18,"minecraft:hay_block":2,"minecraft:acacia_wood":1,"minecraft:cobbled_deepslate":35,"minecraft:wheat_seeds":4,"minecraft:short_grass":1,"minecraft:water_bucket":2,"minecraft:diorite":16,"minecraft:amethyst_block":195,"minecraft:stone_pickaxe":2074,"minecraft:polished_andesite":6,"minecraft:red_bed":6,"minecraft:white_bed":1,"minecraft:diamond_pickaxe":8,"minecraft:apple":1,"minecraft:bread":18,"minecraft:iron_pickaxe":33,"minecraft:polished_granite":335,"minecraft:stone_axe":41,"minecraft:cobblestone":171,"minecraft:andesite":87,"minecraft:bucket":3},"minecraft:custom":{"minecraft:mob_kills":24,"minecraft:interact_with_crafting_table":16,"minecraft:leave_game":1,"minecraft:time_since_death":2340,"minecraft:climb_one_cm":448,"minecraft:sprint_one_cm":95768,"minecraft:walk_one_cm":1449006,"minecraft:drop":157,"minecraft:talked_to_villager":2,"minecraft:play_time":377781,"minecraft:deaths":13,"minecraft:sneak_time":717,"minecraft:walk_under_water_one_cm":57795,"minecraft:jump":2672,"minecraft:walk_on_water_one_cm":27678,"minecraft:total_world_time":377781,"minecraft:interact_with_furnace":21,"minecraft:interact_with_cartography_table":1,"minecraft:sleep_in_bed":26,"minecraft:time_since_rest":2378,"minecraft:damage_taken":4406,"minecraft:damage_dealt":2034,"minecraft:swim_one_cm":2925,"minecraft:fly_one_cm":48325,"minecraft:open_chest":100,"minecraft:crouch_one_cm":1969,"minecraft:fall_one_cm":32803,"minecraft:horse_one_cm":1323},"minecraft:killed":{"minecraft:zombified_piglin":5,"minecraft:skeleton":3,"minecraft:chicken":2,"minecraft:salmon":2,"minecraft:bat":2,"minecraft:creeper":1,"minecraft:squid":1,"minecraft:zombie":3,"minecraft:cow":3},"minecraft:crafted":{"minecraft:oak_planks":24,"minecraft:stone_shovel":3,"minecraft:cooked_mutton":7,"minecraft:stone_pickaxe":15,"minecraft:cooked_beef":49,"minecraft:sugar":5,"minecraft:wooden_shovel":3,"minecraft:acacia_wood":3,"minecraft:copper_ingot":24,"minecraft:stick":48,"minecraft:stone_sword":6,"minecraft:acacia_planks":36},"minecraft:broken":{"minecraft:golden_helmet":1,"minecraft:wooden_shovel":3,"minecraft:stone_pickaxe":15,"minecraft:iron_pickaxe":1}},"DataVersion":3953}