{"stats":{"minecraft:mined":{"minecraft:white_bed":3,"minecraft:oak_door":2,"minecraft:glow_lichen":1,"minecraft:granite":1,"minecraft:budding_amethyst":14,"minecraft:acacia_log":50,"minecraft:grass_block":81,"minecraft:deepslate_bricks":2,"minecraft:polished_diorite":23,"minecraft:hay_block":7,"minecraft:tall_seagrass":1,"minecraft:carrots":19,"minecraft:iron_ore":54,"minecraft:cobbled_deepslate":10,"minecraft:acacia_wood":1,"minecraft:andesite":336,"minecraft:pumpkin":8,"minecraft:polished_deepslate":2,"minecraft:potatoes":97,"minecraft:stripped_acacia_log":2,"minecraft:stone":1251,"minecraft:orange_bed":3,"minecraft:acacia_leaves":6,"minecraft:red_bed":6,"minecraft:polished_granite":63,"minecraft:torch":4,"minecraft:short_grass":27,"minecraft:calcite":5,"minecraft:chest":2,"minecraft:cobblestone":43,"minecraft:copper_ore":5,"minecraft:tall_grass":7,"minecraft:lapis_ore":6,"minecraft:sugar_cane":50,"minecraft:diorite":20,"minecraft:wall_torch":35,"minecraft:amethyst_block":196,"minecraft:seagrass":1,"minecraft:wheat":31,"minecraft:oak_log":6,"minecraft:coal_ore":155,"minecraft:sand":21,"minecraft:dirt":331,"minecraft:smooth_basalt":24,"minecraft:polished_andesite":7,"minecraft:netherrack":11,"minecraft:oak_leaves":1,"minecraft:deepslate":1},"minecraft:picked_up":{"minecraft:charcoal":24,"minecraft:iron_chestplate":2,"minecraft:wheat":14,"minecraft:chicken":4,"minecraft:chain":1,"minecraft:amethyst_block":195,"minecraft:string":1,"minecraft:red_bed":6,"minecraft:raw_copper":17,"minecraft:iron_leggings":2,"minecraft:gold_nugget":4,"minecraft:cobbled_deepslate":75,"minecraft:bucket":4,"minecraft:beef":1,"minecraft:acacia_fence_gate":1,"minecraft:calcite":7,"minecraft:iron_pickaxe":8,"minecraft:sugar_cane":125,"minecraft:chest":2,"minecraft:iron_boots":9,"minecraft:egg":4,"minecraft:stick":42,"minecraft:raw_iron":104,"minecraft:acacia_fence":1,"minecraft:oak_door":8,"minecraft:torch":382,"minecraft:acacia_log":76,"minecraft:porkchop":3,"minecraft:diorite":45,"minecraft:carrot":194,"minecraft:golden_chestplate":2,"minecraft:orange_bed":3,"minecraft:stone_sword":6,"minecraft:arrow":4,"minecraft:rotten_flesh":7,"minecraft:stone_shovel":4,"minecraft:hay_block":7,"minecraft:glow_berries":2,"minecraft:rail":4,"minecraft:cobblestone":1320,"minecraft:feather":4,"minecraft:andesite":298,"minecraft:salmon":1,"minecraft:leather":55,"minecraft:acacia_wood":1,"minecraft:potato":329,"minecraft:oak_log":6,"minecraft:gunpowder":2,"minecraft:map":4,"minecraft:lapis_lazuli":44,"minecraft:dirt":728,"minecraft:paper":6,"minecraft:polished_granite":405,"minecraft:cooked_mutton":7,"minecraft:bone":4,"minecraft:apple":1,"minecraft:wheat_seeds":58,"minecraft:iron_ingot":11,"minecraft:stone_pickaxe":16,"minecraft:powered_rail":1,"minecraft:acacia_sapling":2,"minecraft:book":95,"minecraft:smooth_basalt":90,"minecraft:pumpkin":8,"minecraft:poisonous_potato":1,"minecraft:lava_bucket":1,"minecraft:sand":21,"minecraft:amethyst_shard":4,"minecraft:white_bed":2,"minecraft:ink_sac":3,"minecraft:stripped_acacia_log":10,"minecraft:iron_hoe":1,"minecraft:polished_andesite":150,"minecraft:polished_diorite":549,"minecraft:stone_axe":15,"minecraft:short_grass":6,"minecraft:iron_helmet":3,"minecraft:granite":1,"minecraft:bone_meal":1,"minecraft:bread":50,"minecraft:baked_potato":55,"minecraft:netherrack":8,"minecraft:melon_seeds":2,"minecraft:coal":168,"minecraft:diamond_pickaxe":2},"minecraft:killed_by":{"minecraft:zombie_villager":1,"minecraft:zombified_piglin":11,"minecraft:creeper":1,"minecraft:skeleton":1},"minecraft:used":{"minecraft:stone_sword":91,"minecraft:stone_shovel":94,"minecraft:chest":2,"minecraft:wooden_shovel":177,"minecraft:oak_door":8,"minecraft:orange_bed":3,"minecraft:torch":144,"minecraft:dirt":356,"minecraft:carrot":6,"minecraft:polished_diorite":268,"minecraft:smooth_basalt":129,"minecraft:bow":20,"minecraft:hay_block":2,"minecraft:acacia_wood":1,"minecraft:cooked_beef":4,"minecraft:potato":114,"minecraft:cobbled_deepslate":35,"minecraft:wheat_seeds":45,"minecraft:short_grass":1,"minecraft:water_bucket":2,"minecraft:diorite":16,"minecraft:amethyst_block":195,"minecraft:stone_pickaxe":2240,"minecraft:polished_andesite":6,"minecraft:baked_potato":6,"minecraft:sugar_cane":59,"minecraft:red_bed":6,"minecraft:white_bed":1,"minecraft:diamond_pickaxe":8,"minecraft:apple":1,"minecraft:bread":18,"minecraft:iron_pickaxe":33,"minecraft:polished_granite":335,"minecraft:stone_axe":41,"minecraft:cobblestone":171,"minecraft:andesite":87,"minecraft:bucket":3},"minecraft:dropped":{"minecraft:iron_ingot":2,"minecraft:short_grass":5,"minecraft:book":19,"minecraft:cobblestone":21,"minecraft:acacia_log":26,"minecraft:rail":2,"minecraft:coal":48,"minecraft:golden_apple":1,"minecraft:dirt":1,"minecraft:ink_sac":3,"minecraft:acacia_fence_gate":1,"minecraft:sugar":5,"minecraft:smooth_basalt":1,"minecraft:polished_diorite":1,"minecraft:enchanted_golden_apple":1,"minecraft:andesite":56,"minecraft:melon_seeds":2,"minecraft:acacia_sapling":2,"minecraft:stripped_acacia_log":8,"minecraft:stone_pickaxe":3,"minecraft:acacia_fence":1,"minecraft:egg":1},"minecraft:custom":{"minecraft:mob_kills":30,"minecraft:interact_with_crafting_table":21,"minecraft:leave_game":1,"minecraft:time_since_death":78298,"minecraft:climb_one_cm":1152,"minecraft:sprint_one_cm":175332,"minecraft:walk_one_cm":1765780,"minecraft:drop":210,"minecraft:talked_to_villager":2,"minecraft:play_time":479781,"minecraft:deaths":17,"minecraft:sneak_time":871,"minecraft:walk_under_water_one_cm":68743,"minecraft:jump":3560,"minecraft:walk_on_water_one_cm":44883,"minecraft:total_world_time":479781,"minecraft:interact_with_furnace":77,"minecraft:interact_with_cartography_table":1,"minecraft:sleep_in_bed":30,"minecraft:time_since_rest":33912,"minecraft:damage_taken":6162,"minecraft:damage_dealt":2526,"minecraft:swim_one_cm":2925,"minecraft:fly_one_cm":72549,"minecraft:open_chest":149,"minecraft:crouch_one_cm":2085,"minecraft:fall_one_cm":52078,"minecraft:horse_one_cm":1633},"minecraft:killed":{"minecraft:zombified_piglin":5,"minecraft:skeleton":3,"minecraft:chicken":2,"minecraft:pig":1,"minecraft:salmon":2,"minecraft:bat":2,"minecraft:creeper":1,"minecraft:squid":1,"minecraft:donkey":1,"minecraft:zombie":4,"minecraft:cow":3},"minecraft:crafted":{"minecraft:oak_planks":24,"minecraft:stone_shovel":6,"minecraft:cooked_mutton":7,"minecraft:stone_pickaxe":26,"minecraft:cooked_beef":100,"minecraft:sugar":5,"minecraft:wooden_shovel":3,"minecraft:acacia_wood":3,"minecraft:baked_potato":30,"minecraft:copper_ingot":24,"minecraft:stick":164,"minecraft:iron_ingot":2,"minecraft:stone_sword":10,"minecraft:acacia_planks":36,"minecraft:torch":172},"minecraft:broken":{"minecraft:golden_helmet":1,"minecraft:wooden_shovel":3,"minecraft:stone_pickaxe":16,"minecraft:iron_pickaxe":1}},"DataVersion":3953}