{"stats":{"minecraft:mined":{"minecraft:nether_gold_ore":11,"minecraft:tuff":1,"minecraft:white_bed":3,"minecraft:deepslate_diamond_ore":13,"minecraft:oak_door":2,"minecraft:glow_lichen":1,"minecraft:lever":2,"minecraft:granite":6,"minecraft:budding_amethyst":14,"minecraft:acacia_log":50,"minecraft:grass_block":123,"minecraft:redstone_wire":3,"minecraft:deepslate_bricks":2,"minecraft:polished_diorite":23,"minecraft:hay_block":7,"minecraft:tall_seagrass":1,"minecraft:glowstone":21,"minecraft:carrots":19,"minecraft:iron_ore":56,"minecraft:cobbled_deepslate":12,"minecraft:acacia_wood":1,"minecraft:andesite":336,"minecraft:pumpkin":8,"minecraft:deepslate_lapis_ore":15,"minecraft:gold_block":1,"minecraft:bell":1,"minecraft:polished_deepslate":2,"minecraft:potatoes":97,"minecraft:dirt_path":1,"minecraft:stripped_acacia_log":2,"minecraft:stone":1290,"minecraft:orange_bed":3,"minecraft:acacia_leaves":6,"minecraft:red_bed":6,"minecraft:polished_granite":63,"minecraft:torch":6,"minecraft:short_grass":37,"minecraft:calcite":5,"minecraft:chest":2,"minecraft:copper_ore":5,"minecraft:tall_grass":10,"minecraft:cobblestone":45,"minecraft:deepslate_gold_ore":47,"minecraft:lapis_ore":6,"minecraft:sugar_cane":50,"minecraft:diorite":32,"minecraft:wall_torch":59,"minecraft:amethyst_block":196,"minecraft:seagrass":1,"minecraft:wheat":31,"minecraft:coal_ore":234,"minecraft:oak_log":7,"minecraft:sand":23,"minecraft:dirt":342,"minecraft:smooth_basalt":24,"minecraft:polished_andesite":7,"minecraft:netherrack":215,"minecraft:oak_leaves":1,"minecraft:deepslate":368},"minecraft:picked_up":{"minecraft:charcoal":24,"minecraft:crafting_table":1,"minecraft:iron_chestplate":8,"minecraft:wheat":15,"minecraft:chicken":4,"minecraft:lead":2,"minecraft:gold_block":1,"minecraft:chain":1,"minecraft:shield":3,"minecraft:golden_sword":6,"minecraft:amethyst_block":195,"minecraft:iron_axe":4,"minecraft:red_bed":7,"minecraft:string":6,"minecraft:raw_copper":17,"minecraft:iron_leggings":6,"minecraft:iron_shovel":3,"minecraft:gold_nugget":123,"minecraft:cobbled_deepslate":606,"minecraft:bucket":7,"minecraft:beef":1,"minecraft:acacia_fence_gate":1,"minecraft:calcite":7,"minecraft:poppy":4,"minecraft:iron_pickaxe":23,"minecraft:sugar_cane":125,"minecraft:chest":2,"minecraft:iron_boots":13,"minecraft:egg":4,"minecraft:stick":418,"minecraft:raw_iron":106,"minecraft:acacia_fence":1,"minecraft:oak_door":8,"minecraft:torch":1379,"minecraft:acacia_log":76,"minecraft:porkchop":3,"minecraft:diorite":54,"minecraft:carrot":340,"minecraft:redstone":24,"minecraft:golden_chestplate":7,"minecraft:orange_bed":3,"minecraft:stone_shovel":9,"minecraft:stone_sword":20,"minecraft:arrow":30,"minecraft:rotten_flesh":24,"minecraft:tropical_fish":1,"minecraft:hay_block":7,"minecraft:gold_ingot":18,"minecraft:glow_berries":2,"minecraft:rail":4,"minecraft:cobblestone":1699,"minecraft:feather":4,"minecraft:cooked_beef":44,"minecraft:andesite":298,"minecraft:water_bucket":1,"minecraft:salmon":6,"minecraft:leather":55,"minecraft:golden_leggings":4,"minecraft:acacia_wood":1,"minecraft:potato":330,"minecraft:tuff":2,"minecraft:oak_log":84,"minecraft:golden_boots":3,"minecraft:acacia_boat":1,"minecraft:gunpowder":2,"minecraft:dirt":847,"minecraft:map":4,"minecraft:lapis_lazuli":191,"minecraft:paper":6,"minecraft:polished_granite":405,"minecraft:cooked_mutton":7,"minecraft:bone":20,"minecraft:acacia_planks":12,"minecraft:apple":1,"minecraft:bow":3,"minecraft:wheat_seeds":77,"minecraft:acacia_trapdoor":1,"minecraft:raw_gold":76,"minecraft:bell":1,"minecraft:stone_pickaxe":59,"minecraft:iron_ingot":19,"minecraft:glowstone_dust":37,"minecraft:powered_rail":1,"minecraft:acacia_sapling":2,"minecraft:stone_hoe":1,"minecraft:iron_sword":7,"minecraft:oak_planks":4,"minecraft:book":95,"minecraft:smooth_basalt":90,"minecraft:pumpkin":8,"minecraft:poisonous_potato":1,"minecraft:lava_bucket":1,"minecraft:sand":23,"minecraft:amethyst_shard":4,"minecraft:ink_sac":5,"minecraft:white_bed":3,"minecraft:spectral_arrow":27,"minecraft:iron_hoe":1,"minecraft:stripped_acacia_log":10,"minecraft:polished_andesite":150,"minecraft:diamond":70,"minecraft:polished_diorite":549,"minecraft:stone_axe":15,"minecraft:lever":1,"minecraft:short_grass":6,"minecraft:iron_helmet":6,"minecraft:granite":7,"minecraft:bone_meal":1,"minecraft:bread":50,"minecraft:baked_potato":509,"minecraft:melon_seeds":2,"minecraft:netherrack":307,"minecraft:coal":381,"minecraft:diamond_pickaxe":2},"minecraft:killed_by":{"minecraft:zombie_villager":1,"minecraft:player":2,"minecraft:zombified_piglin":11,"minecraft:creeper":2,"minecraft:iron_golem":3,"minecraft:skeleton":2,"minecraft:zombie":1},"minecraft:used":{"minecraft:stone_sword":105,"minecraft:iron_shovel":43,"minecraft:stone_shovel":211,"minecraft:redstone":17,"minecraft:chest":2,"minecraft:shield":41,"minecraft:iron_sword":56,"minecraft:wooden_shovel":177,"minecraft:netherrack":70,"minecraft:oak_door":8,"minecraft:orange_bed":3,"minecraft:torch":376,"minecraft:dirt":416,"minecraft:carrot":6,"minecraft:polished_diorite":268,"minecraft:glass":2,"minecraft:lava_bucket":3,"minecraft:iron_axe":1,"minecraft:smooth_basalt":129,"minecraft:glowstone":3,"minecraft:golden_sword":25,"minecraft:bow":55,"minecraft:hay_block":2,"minecraft:acacia_wood":1,"minecraft:cooked_beef":14,"minecraft:potato":121,"minecraft:cobbled_deepslate":161,"minecraft:short_grass":1,"minecraft:wheat_seeds":45,"minecraft:water_bucket":7,"minecraft:diorite":16,"minecraft:amethyst_block":195,"minecraft:polished_andesite":6,"minecraft:stone_pickaxe":3029,"minecraft:baked_potato":27,"minecraft:sugar_cane":59,"minecraft:crafting_table":1,"minecraft:red_bed":6,"minecraft:white_bed":1,"minecraft:oak_log":1,"minecraft:lever":2,"minecraft:diamond_pickaxe":8,"minecraft:apple":1,"minecraft:bread":18,"minecraft:iron_pickaxe":125,"minecraft:polished_granite":335,"minecraft:stone_axe":41,"minecraft:cobblestone":246,"minecraft:bucket":13,"minecraft:andesite":87},"minecraft:dropped":{"minecraft:iron_ingot":2,"minecraft:water_bucket":1,"minecraft:acacia_boat":1,"minecraft:iron_sword":1,"minecraft:short_grass":5,"minecraft:wheat_seeds":3,"minecraft:cooked_beef":17,"minecraft:diamond":66,"minecraft:book":19,"minecraft:cobblestone":35,"minecraft:granite":6,"minecraft:acacia_log":26,"minecraft:rail":2,"minecraft:acacia_trapdoor":1,"minecraft:coal":58,"minecraft:golden_apple":1,"minecraft:dirt":44,"minecraft:diorite":8,"minecraft:ink_sac":5,"minecraft:torch":111,"minecraft:acacia_fence_gate":1,"minecraft:gold_nugget":125,"minecraft:sugar":5,"minecraft:iron_pickaxe":4,"minecraft:string":3,"minecraft:bucket":1,"minecraft:gold_ingot":36,"minecraft:smooth_basalt":1,"minecraft:bone":7,"minecraft:polished_diorite":1,"minecraft:stone_axe":1,"minecraft:stone_sword":1,"minecraft:cobbled_deepslate":139,"minecraft:tuff":1,"minecraft:stone_shovel":2,"minecraft:rotten_flesh":15,"minecraft:iron_boots":2,"minecraft:enchanted_golden_apple":1,"minecraft:salmon":3,"minecraft:poppy":3,"minecraft:andesite":56,"minecraft:melon_seeds":2,"minecraft:acacia_sapling":2,"minecraft:golden_leggings":1,"minecraft:golden_sword":1,"minecraft:stripped_acacia_log":8,"minecraft:arrow":7,"minecraft:stone_pickaxe":3,"minecraft:acacia_fence":1,"minecraft:egg":1},"minecraft:custom":{"minecraft:mob_kills":61,"minecraft:interact_with_anvil":2,"minecraft:interact_with_crafting_table":37,"minecraft:bell_ring":12,"minecraft:leave_game":2,"minecraft:time_since_death":59996,"minecraft:climb_one_cm":1152,"minecraft:sprint_one_cm":270404,"minecraft:walk_one_cm":2736486,"minecraft:damage_blocked_by_shield":2284,"minecraft:drop":690,"minecraft:talked_to_villager":2,"minecraft:play_time":729139,"minecraft:deaths":25,"minecraft:sneak_time":1412,"minecraft:walk_under_water_one_cm":105935,"minecraft:boat_one_cm":24805,"minecraft:interact_with_brewingstand":2,"minecraft:jump":6543,"minecraft:walk_on_water_one_cm":96829,"minecraft:total_world_time":729139,"minecraft:interact_with_furnace":99,"minecraft:interact_with_cartography_table":1,"minecraft:sleep_in_bed":38,"minecraft:time_since_rest":60056,"minecraft:damage_taken":10580,"minecraft:damage_dealt":5775,"minecraft:swim_one_cm":4230,"minecraft:fly_one_cm":115153,"minecraft:open_chest":298,"minecraft:crouch_one_cm":2380,"minecraft:interact_with_smoker":20,"minecraft:fall_one_cm":89836,"minecraft:use_cauldron":1,"minecraft:horse_one_cm":3808},"minecraft:killed":{"minecraft:armadillo":2,"minecraft:zombified_piglin":7,"minecraft:spider":3,"minecraft:skeleton":8,"minecraft:chicken":2,"minecraft:pig":1,"minecraft:salmon":4,"minecraft:bat":3,"minecraft:creeper":1,"minecraft:squid":2,"minecraft:zombie":13,"minecraft:donkey":1,"minecraft:cow":3},"minecraft:crafted":{"minecraft:oak_planks":24,"minecraft:stone_shovel":6,"minecraft:birch_wood":27,"minecraft:lever":1,"minecraft:cooked_mutton":7,"minecraft:stone_pickaxe":29,"minecraft:golden_sword":1,"minecraft:golden_boots":1,"minecraft:cooked_beef":100,"minecraft:sugar":5,"minecraft:wooden_shovel":3,"minecraft:acacia_wood":3,"minecraft:baked_potato":160,"minecraft:copper_ingot":24,"minecraft:birch_planks":76,"minecraft:oak_wood":6,"minecraft:glowstone":8,"minecraft:golden_leggings":1,"minecraft:stick":356,"minecraft:iron_ingot":2,"minecraft:stone_sword":10,"minecraft:acacia_planks":36,"minecraft:torch":568},"minecraft:broken":{"minecraft:golden_helmet":2,"minecraft:wooden_shovel":3,"minecraft:stone_pickaxe":23,"minecraft:golden_sword":1,"minecraft:iron_pickaxe":1}},"DataVersion":3953}