{"stats":{"minecraft:crafted":{"minecraft:cooked_beef":1,"minecraft:sugar":5,"minecraft:oak_planks":24,"minecraft:wooden_shovel":3,"minecraft:stone_shovel":3,"minecraft:acacia_wood":3,"minecraft:copper_ingot":24,"minecraft:cooked_mutton":7,"minecraft:stick":48,"minecraft:stone_pickaxe":15,"minecraft:stone_sword":6,"minecraft:acacia_planks":36},"minecraft:dropped":{"minecraft:polished_diorite":1,"minecraft:short_grass":5,"minecraft:cobblestone":21,"minecraft:enchanted_golden_apple":1,"minecraft:rail":2,"minecraft:golden_apple":1,"minecraft:ink_sac":3,"minecraft:andesite":56,"minecraft:melon_seeds":2,"minecraft:acacia_sapling":2,"minecraft:acacia_fence_gate":1,"minecraft:stone_pickaxe":2,"minecraft:sugar":5,"minecraft:acacia_fence":1,"minecraft:smooth_basalt":1},"minecraft:custom":{"minecraft:interact_with_furnace":11,"minecraft:mob_kills":10,"minecraft:interact_with_crafting_table":16,"minecraft:interact_with_cartography_table":1,"minecraft:leave_game":1,"minecraft:time_since_death":293907,"minecraft:sleep_in_bed":21,"minecraft:time_since_rest":26302,"minecraft:sprint_one_cm":88040,"minecraft:damage_taken":788,"minecraft:walk_one_cm":1198944,"minecraft:drop":104,"minecraft:damage_dealt":1143,"minecraft:swim_one_cm":2925,"minecraft:talked_to_villager":1,"minecraft:fly_one_cm":45127,"minecraft:open_chest":68,"minecraft:crouch_one_cm":665,"minecraft:play_time":293907,"minecraft:sneak_time":195,"minecraft:walk_under_water_one_cm":16815,"minecraft:jump":2261,"minecraft:walk_on_water_one_cm":22785,"minecraft:total_world_time":293907,"minecraft:fall_one_cm":22207,"minecraft:horse_one_cm":1323},"minecraft:killed":{"minecraft:salmon":2,"minecraft:bat":2,"minecraft:squid":1,"minecraft:skeleton":1,"minecraft:zombie":3,"minecraft:cow":1},"minecraft:broken":{"minecraft:stone_pickaxe":15,"minecraft:wooden_shovel":3},"minecraft:used":{"minecraft:short_grass":1,"minecraft:wheat_seeds":4,"minecraft:water_bucket":1,"minecraft:diorite":16,"minecraft:amethyst_block":195,"minecraft:stone_sword":68,"minecraft:stone_shovel":77,"minecraft:stone_pickaxe":2061,"minecraft:polished_andesite":6,"minecraft:chest":2,"minecraft:wooden_shovel":177,"minecraft:oak_door":8,"minecraft:orange_bed":3,"minecraft:torch":97,"minecraft:dirt":196,"minecraft:red_bed":6,"minecraft:white_bed":1,"minecraft:polished_diorite":268,"minecraft:apple":1,"minecraft:bread":18,"minecraft:iron_pickaxe":3,"minecraft:polished_granite":335,"minecraft:smooth_basalt":129,"minecraft:cobblestone":167,"minecraft:hay_block":2,"minecraft:andesite":87,"minecraft:bucket":2,"minecraft:acacia_wood":1,"minecraft:cobbled_deepslate":35},"minecraft:mined":{"minecraft:acacia_leaves":1,"minecraft:white_bed":3,"minecraft:red_bed":6,"minecraft:oak_door":2,"minecraft:glow_lichen":1,"minecraft:granite":1,"minecraft:polished_granite":63,"minecraft:torch":4,"minecraft:budding_amethyst":14,"minecraft:short_grass":18,"minecraft:acacia_log":13,"minecraft:grass_block":80,"minecraft:calcite":5,"minecraft:chest":2,"minecraft:cobblestone":18,"minecraft:tall_grass":3,"minecraft:deepslate_bricks":2,"minecraft:copper_ore":5,"minecraft:polished_diorite":23,"minecraft:lapis_ore":6,"minecraft:sugar_cane":4,"minecraft:diorite":20,"minecraft:wall_torch":35,"minecraft:amethyst_block":196,"minecraft:seagrass":1,"minecraft:hay_block":7,"minecraft:tall_seagrass":1,"minecraft:iron_ore":48,"minecraft:wheat":2,"minecraft:cobbled_deepslate":10,"minecraft:acacia_wood":1,"minecraft:andesite":336,"minecraft:pumpkin":8,"minecraft:polished_deepslate":2,"minecraft:coal_ore":42,"minecraft:oak_log":6,"minecraft:sand":21,"minecraft:dirt":312,"minecraft:smooth_basalt":24,"minecraft:stone":1216,"minecraft:polished_andesite":7,"minecraft:oak_leaves":1,"minecraft:deepslate":1,"minecraft:orange_bed":3},"minecraft:picked_up":{"minecraft:iron_chestplate":1,"minecraft:salmon":1,"minecraft:andesite":292,"minecraft:leather":1,"minecraft:acacia_wood":1,"minecraft:oak_log":6,"minecraft:chain":1,"minecraft:amethyst_block":195,"minecraft:paper":6,"minecraft:map":4,"minecraft:lapis_lazuli":44,"minecraft:string":1,"minecraft:dirt":369,"minecraft:red_bed":6,"minecraft:raw_copper":17,"minecraft:polished_granite":405,"minecraft:iron_leggings":1,"minecraft:bone":2,"minecraft:apple":1,"minecraft:wheat_seeds":14,"minecraft:cobbled_deepslate":75,"minecraft:acacia_fence_gate":1,"minecraft:beef":1,"minecraft:stone_pickaxe":4,"minecraft:calcite":7,"minecraft:iron_pickaxe":2,"minecraft:sugar_cane":5,"minecraft:chest":2,"minecraft:acacia_sapling":2,"minecraft:iron_boots":1,"minecraft:raw_iron":48,"minecraft:smooth_basalt":90,"minecraft:acacia_fence":1,"minecraft:oak_door":8,"minecraft:pumpkin":8,"minecraft:torch":95,"minecraft:acacia_log":13,"minecraft:sand":21,"minecraft:amethyst_shard":4,"minecraft:ink_sac":3,"minecraft:diorite":38,"minecraft:white_bed":2,"minecraft:orange_bed":3,"minecraft:iron_hoe":1,"minecraft:polished_andesite":109,"minecraft:stone_sword":1,"minecraft:polished_diorite":518,"minecraft:stone_axe":1,"minecraft:short_grass":6,"minecraft:iron_helmet":1,"minecraft:hay_block":7,"minecraft:granite":1,"minecraft:bread":34,"minecraft:melon_seeds":2,"minecraft:coal":40,"minecraft:rail":3,"minecraft:cobblestone":1131}},"DataVersion":3953}