{"stats":{"minecraft:mined":{"minecraft:white_bed":3,"minecraft:granite":6,"minecraft:budding_amethyst":14,"minecraft:acacia_log":50,"minecraft:grass_block":133,"minecraft:soul_soil":2,"minecraft:deepslate_bricks":2,"minecraft:polished_diorite":23,"minecraft:tall_seagrass":1,"minecraft:magma_block":1,"minecraft:glowstone":49,"minecraft:iron_ore":56,"minecraft:cobbled_deepslate":12,"minecraft:pumpkin":8,"minecraft:deepslate_lapis_ore":15,"minecraft:dirt_path":1,"minecraft:orange_bed":3,"minecraft:red_bed":6,"minecraft:torch":7,"minecraft:calcite":5,"minecraft:chest":2,"minecraft:nether_quartz_ore":12,"minecraft:cobblestone":48,"minecraft:sugar_cane":50,"minecraft:wall_torch":59,"minecraft:amethyst_block":196,"minecraft:seagrass":1,"minecraft:nether_wart_block":2,"minecraft:birch_log":7,"minecraft:wheat":31,"minecraft:birch_trapdoor":1,"minecraft:tnt":1,"minecraft:oak_log":7,"minecraft:sand":23,"minecraft:dirt":354,"minecraft:smooth_basalt":24,"minecraft:netherrack":292,"minecraft:oak_leaves":15,"minecraft:deepslate":368,"minecraft:nether_gold_ore":23,"minecraft:tuff":1,"minecraft:deepslate_diamond_ore":13,"minecraft:oak_door":3,"minecraft:glow_lichen":1,"minecraft:lever":2,"minecraft:ladder":1,"minecraft:redstone_wire":3,"minecraft:hay_block":7,"minecraft:carrots":19,"minecraft:acacia_wood":1,"minecraft:andesite":336,"minecraft:gold_block":1,"minecraft:bell":1,"minecraft:polished_deepslate":2,"minecraft:potatoes":97,"minecraft:shroomlight":1,"minecraft:stripped_acacia_log":2,"minecraft:stone":1524,"minecraft:acacia_leaves":6,"minecraft:soul_sand":2,"minecraft:dandelion":1,"minecraft:polished_granite":63,"minecraft:crafting_table":1,"minecraft:short_grass":86,"minecraft:tall_grass":22,"minecraft:copper_ore":5,"minecraft:deepslate_gold_ore":47,"minecraft:lapis_ore":6,"minecraft:diorite":32,"minecraft:birch_leaves":4,"minecraft:coal_ore":267,"minecraft:dripstone_block":2,"minecraft:gravel":5,"minecraft:polished_andesite":7},"minecraft:picked_up":{"minecraft:iron_chestplate":16,"minecraft:wheat":15,"minecraft:lead":7,"minecraft:golden_sword":6,"minecraft:amethyst_block":195,"minecraft:string":7,"minecraft:soul_soil":2,"minecraft:raw_copper":17,"minecraft:iron_leggings":14,"minecraft:gold_nugget":166,"minecraft:cobbled_deepslate":670,"minecraft:bucket":9,"minecraft:acacia_fence_gate":1,"minecraft:calcite":7,"minecraft:iron_pickaxe":46,"minecraft:iron_boots":19,"minecraft:stick":760,"minecraft:acacia_fence":1,"minecraft:birch_trapdoor":47,"minecraft:torch":2239,"minecraft:acacia_log":76,"minecraft:porkchop":3,"minecraft:diorite":54,"minecraft:golden_chestplate":7,"minecraft:orange_bed":3,"minecraft:stone_sword":32,"minecraft:rotten_flesh":66,"minecraft:tropical_fish":1,"minecraft:cobblestone":2419,"minecraft:birch_log":7,"minecraft:magma_block":1,"minecraft:feather":4,"minecraft:cooked_beef":62,"minecraft:water_bucket":7,"minecraft:andesite":298,"minecraft:golden_leggings":4,"minecraft:potato":333,"minecraft:flint":2,"minecraft:tuff":2,"minecraft:acacia_boat":1,"minecraft:lapis_lazuli":319,"minecraft:map":4,"minecraft:dirt":966,"minecraft:polished_granite":405,"minecraft:bone":65,"minecraft:acacia_planks":12,"minecraft:bow":20,"minecraft:wheat_seeds":96,"minecraft:raw_gold":76,"minecraft:bell":1,"minecraft:glowstone_dust":130,"minecraft:powered_rail":1,"minecraft:oak_planks":12,"minecraft:stone_hoe":1,"minecraft:poisonous_potato":1,"minecraft:sand":23,"minecraft:ink_sac":5,"minecraft:spectral_arrow":27,"minecraft:iron_hoe":1,"minecraft:stripped_acacia_log":10,"minecraft:polished_andesite":150,"minecraft:diamond":70,"minecraft:lever":1,"minecraft:granite":7,"minecraft:bone_meal":1,"minecraft:bread":50,"minecraft:oak_sapling":3,"minecraft:netherrack":375,"minecraft:diamond_pickaxe":2,"minecraft:charcoal":24,"minecraft:crafting_table":2,"minecraft:chicken":4,"minecraft:ladder":4,"minecraft:gold_block":1,"minecraft:chain":1,"minecraft:shield":7,"minecraft:red_bed":7,"minecraft:flint_and_steel":3,"minecraft:iron_axe":7,"minecraft:iron_shovel":3,"minecraft:beef":11,"minecraft:poppy":4,"minecraft:sugar_cane":125,"minecraft:chest":2,"minecraft:egg":4,"minecraft:raw_iron":106,"minecraft:oak_door":11,"minecraft:carrot":387,"minecraft:redstone":24,"minecraft:tnt":1,"minecraft:arrow":420,"minecraft:stone_shovel":9,"minecraft:hay_block":7,"minecraft:gold_ingot":18,"minecraft:glow_berries":2,"minecraft:rail":4,"minecraft:salmon":6,"minecraft:leather":57,"minecraft:acacia_wood":1,"minecraft:oak_log":86,"minecraft:nether_wart_block":2,"minecraft:golden_boots":3,"minecraft:gunpowder":3,"minecraft:paper":6,"minecraft:cooked_mutton":14,"minecraft:apple":2,"minecraft:acacia_trapdoor":1,"minecraft:iron_ingot":83,"minecraft:stone_pickaxe":70,"minecraft:iron_sword":14,"minecraft:acacia_sapling":2,"minecraft:soul_sand":2,"minecraft:book":95,"minecraft:oak_slab":3,"minecraft:smooth_basalt":90,"minecraft:pumpkin":8,"minecraft:quartz":11,"minecraft:dandelion":2,"minecraft:gravel":3,"minecraft:lava_bucket":3,"minecraft:amethyst_shard":4,"minecraft:white_bed":3,"minecraft:spider_eye":1,"minecraft:stone_axe":15,"minecraft:polished_diorite":549,"minecraft:short_grass":6,"minecraft:iron_helmet":14,"minecraft:baked_potato":1159,"minecraft:melon_seeds":2,"minecraft:coal":414},"minecraft:killed_by":{"minecraft:zombie_villager":1,"minecraft:zombified_piglin":11,"minecraft:creeper":2,"minecraft:zombie":3,"minecraft:player":4,"minecraft:iron_golem":3,"minecraft:skeleton":5},"minecraft:used":{"minecraft:iron_shovel":43,"minecraft:ladder":4,"minecraft:chest":7,"minecraft:shield":43,"minecraft:iron_sword":157,"minecraft:carrot":6,"minecraft:glass":2,"minecraft:lava_bucket":4,"minecraft:golden_sword":35,"minecraft:birch_trapdoor":11,"minecraft:magma_block":1,"minecraft:bow":94,"minecraft:hay_block":2,"minecraft:furnace":2,"minecraft:potato":121,"minecraft:short_grass":1,"minecraft:diorite":16,"minecraft:stone_pickaxe":3291,"minecraft:sugar_cane":59,"minecraft:birch_fence":1,"minecraft:lever":2,"minecraft:bread":18,"minecraft:polished_granite":335,"minecraft:nether_wart_block":2,"minecraft:birch_log":7,"minecraft:andesite":87,"minecraft:stone_sword":119,"minecraft:flint_and_steel":2,"minecraft:stone_shovel":211,"minecraft:redstone":17,"minecraft:wooden_shovel":177,"minecraft:netherrack":89,"minecraft:oak_door":11,"minecraft:orange_bed":3,"minecraft:torch":380,"minecraft:dirt":555,"minecraft:polished_diorite":268,"minecraft:iron_axe":1,"minecraft:smooth_basalt":129,"minecraft:glowstone":3,"minecraft:acacia_wood":1,"minecraft:cooked_beef":15,"minecraft:cobbled_deepslate":161,"minecraft:wheat_seeds":45,"minecraft:cooked_mutton":1,"minecraft:water_bucket":12,"minecraft:amethyst_block":195,"minecraft:polished_andesite":6,"minecraft:baked_potato":42,"minecraft:tnt":1,"minecraft:crafting_table":2,"minecraft:red_bed":6,"minecraft:white_bed":1,"minecraft:oak_log":1,"minecraft:diamond_pickaxe":8,"minecraft:apple":1,"minecraft:iron_pickaxe":291,"minecraft:stone_axe":41,"minecraft:cobblestone":335,"minecraft:bucket":18},"minecraft:dropped":{"minecraft:acacia_boat":1,"minecraft:iron_sword":1,"minecraft:short_grass":5,"minecraft:cooked_beef":17,"minecraft:baked_potato":7,"minecraft:diamond":66,"minecraft:rail":2,"minecraft:flint":1,"minecraft:dirt":77,"minecraft:gold_nugget":125,"minecraft:acacia_fence_gate":1,"minecraft:sugar":5,"minecraft:iron_pickaxe":7,"minecraft:gold_ingot":36,"minecraft:bone":48,"minecraft:gravel":3,"minecraft:stone_axe":1,"minecraft:cobbled_deepslate":139,"minecraft:rotten_flesh":43,"minecraft:oak_planks":8,"minecraft:enchanted_golden_apple":1,"minecraft:cooked_mutton":1,"minecraft:salmon":3,"minecraft:poppy":3,"minecraft:melon_seeds":2,"minecraft:acacia_sapling":2,"minecraft:arrow":27,"minecraft:beef":3,"minecraft:quartz":11,"minecraft:acacia_fence":1,"minecraft:netherrack":2,"minecraft:egg":1,"minecraft:water_bucket":2,"minecraft:iron_ingot":23,"minecraft:oak_slab":2,"minecraft:wheat_seeds":26,"minecraft:cobblestone":54,"minecraft:book":19,"minecraft:granite":6,"minecraft:acacia_log":26,"minecraft:acacia_trapdoor":1,"minecraft:coal":58,"minecraft:golden_apple":1,"minecraft:lava_bucket":1,"minecraft:diorite":9,"minecraft:ink_sac":5,"minecraft:torch":111,"minecraft:string":3,"minecraft:bucket":1,"minecraft:dandelion":1,"minecraft:smooth_basalt":1,"minecraft:polished_diorite":1,"minecraft:stone_sword":2,"minecraft:tuff":1,"minecraft:stone_shovel":2,"minecraft:iron_boots":2,"minecraft:shield":1,"minecraft:andesite":56,"minecraft:golden_leggings":1,"minecraft:oak_sapling":1,"minecraft:golden_sword":1,"minecraft:stripped_acacia_log":8,"minecraft:bow":7,"minecraft:stone_pickaxe":3},"minecraft:custom":{"minecraft:interact_with_crafting_table":53,"minecraft:bell_ring":12,"minecraft:leave_game":3,"minecraft:time_since_death":22305,"minecraft:sprint_one_cm":317376,"minecraft:damage_blocked_by_shield":2384,"minecraft:drop":855,"minecraft:talked_to_villager":6,"minecraft:play_time":898459,"minecraft:deaths":34,"minecraft:jump":8551,"minecraft:interact_with_brewingstand":2,"minecraft:walk_on_water_one_cm":116188,"minecraft:interact_with_furnace":111,"minecraft:interact_with_cartography_table":1,"minecraft:sleep_in_bed":46,"minecraft:damage_dealt":7738,"minecraft:player_kills":3,"minecraft:crouch_one_cm":2745,"minecraft:interact_with_smoker":30,"minecraft:use_cauldron":1,"minecraft:horse_one_cm":945148,"minecraft:mob_kills":84,"minecraft:interact_with_anvil":2,"minecraft:inspect_hopper":2,"minecraft:climb_one_cm":5934,"minecraft:walk_one_cm":3314349,"minecraft:sneak_time":3379,"minecraft:walk_under_water_one_cm":123034,"minecraft:boat_one_cm":24805,"minecraft:total_world_time":898459,"minecraft:time_since_rest":8190,"minecraft:damage_taken":13888,"minecraft:swim_one_cm":4230,"minecraft:fly_one_cm":158147,"minecraft:open_chest":566,"minecraft:fall_one_cm":112224},"minecraft:killed":{"minecraft:zombified_piglin":7,"minecraft:spider":6,"minecraft:skeleton":9,"minecraft:bee":1,"minecraft:chicken":2,"minecraft:piglin":1,"minecraft:pig":1,"minecraft:salmon":4,"minecraft:creeper":6,"minecraft:donkey":1,"minecraft:zombie":21,"minecraft:cow":6,"minecraft:armadillo":2,"minecraft:bat":3,"minecraft:squid":2},"minecraft:crafted":{"minecraft:oak_planks":32,"minecraft:birch_wood":27,"minecraft:lever":1,"minecraft:cooked_mutton":10,"minecraft:iron_boots":1,"minecraft:golden_sword":1,"minecraft:golden_boots":1,"minecraft:wooden_shovel":3,"minecraft:acacia_wood":3,"minecraft:baked_potato":176,"minecraft:copper_ingot":24,"minecraft:oak_wood":6,"minecraft:birch_planks":76,"minecraft:iron_chestplate":1,"minecraft:golden_leggings":1,"minecraft:shield":2,"minecraft:stick":356,"minecraft:iron_ingot":2,"minecraft:iron_pickaxe":5,"minecraft:stone_sword":10,"minecraft:gold_ingot":95,"minecraft:stone_shovel":6,"minecraft:stone_pickaxe":29,"minecraft:cooked_beef":107,"minecraft:sugar":5,"minecraft:iron_sword":4,"minecraft:glowstone":56,"minecraft:golden_apple":1,"minecraft:acacia_planks":36,"minecraft:torch":784},"minecraft:broken":{"minecraft:golden_helmet":2,"minecraft:wooden_shovel":3,"minecraft:stone_pickaxe":25,"minecraft:golden_sword":2,"minecraft:iron_pickaxe":1}},"DataVersion":3953}