{"stats":{"minecraft:mined":{"minecraft:nether_gold_ore":11,"minecraft:white_bed":3,"minecraft:oak_door":2,"minecraft:glow_lichen":1,"minecraft:granite":1,"minecraft:budding_amethyst":14,"minecraft:acacia_log":50,"minecraft:grass_block":82,"minecraft:deepslate_bricks":2,"minecraft:polished_diorite":23,"minecraft:hay_block":7,"minecraft:tall_seagrass":1,"minecraft:glowstone":21,"minecraft:carrots":19,"minecraft:iron_ore":56,"minecraft:cobbled_deepslate":10,"minecraft:acacia_wood":1,"minecraft:andesite":336,"minecraft:pumpkin":8,"minecraft:polished_deepslate":2,"minecraft:potatoes":97,"minecraft:stripped_acacia_log":2,"minecraft:stone":1272,"minecraft:orange_bed":3,"minecraft:acacia_leaves":6,"minecraft:red_bed":6,"minecraft:polished_granite":63,"minecraft:torch":5,"minecraft:short_grass":31,"minecraft:calcite":5,"minecraft:chest":2,"minecraft:cobblestone":43,"minecraft:copper_ore":5,"minecraft:tall_grass":7,"minecraft:lapis_ore":6,"minecraft:sugar_cane":50,"minecraft:diorite":20,"minecraft:wall_torch":36,"minecraft:amethyst_block":196,"minecraft:seagrass":1,"minecraft:wheat":31,"minecraft:oak_log":6,"minecraft:coal_ore":214,"minecraft:sand":21,"minecraft:dirt":338,"minecraft:smooth_basalt":24,"minecraft:polished_andesite":7,"minecraft:netherrack":214,"minecraft:oak_leaves":1,"minecraft:deepslate":1},"minecraft:picked_up":{"minecraft:charcoal":24,"minecraft:iron_chestplate":2,"minecraft:wheat":14,"minecraft:chicken":4,"minecraft:chain":1,"minecraft:amethyst_block":195,"minecraft:string":2,"minecraft:red_bed":6,"minecraft:raw_copper":17,"minecraft:iron_leggings":2,"minecraft:gold_nugget":123,"minecraft:cobbled_deepslate":75,"minecraft:bucket":4,"minecraft:beef":1,"minecraft:acacia_fence_gate":1,"minecraft:calcite":7,"minecraft:iron_pickaxe":8,"minecraft:sugar_cane":125,"minecraft:chest":2,"minecraft:iron_boots":10,"minecraft:egg":4,"minecraft:stick":42,"minecraft:raw_iron":106,"minecraft:acacia_fence":1,"minecraft:oak_door":8,"minecraft:torch":385,"minecraft:acacia_log":76,"minecraft:porkchop":3,"minecraft:diorite":45,"minecraft:carrot":194,"minecraft:golden_chestplate":2,"minecraft:orange_bed":3,"minecraft:stone_sword":7,"minecraft:arrow":6,"minecraft:rotten_flesh":18,"minecraft:stone_shovel":4,"minecraft:hay_block":7,"minecraft:glow_berries":2,"minecraft:rail":4,"minecraft:cobblestone":1336,"minecraft:feather":4,"minecraft:cooked_beef":17,"minecraft:andesite":298,"minecraft:salmon":6,"minecraft:leather":55,"minecraft:acacia_wood":1,"minecraft:potato":329,"minecraft:oak_log":6,"minecraft:acacia_boat":1,"minecraft:gunpowder":2,"minecraft:map":4,"minecraft:lapis_lazuli":44,"minecraft:dirt":736,"minecraft:paper":6,"minecraft:polished_granite":405,"minecraft:cooked_mutton":7,"minecraft:bone":4,"minecraft:apple":1,"minecraft:acacia_trapdoor":1,"minecraft:wheat_seeds":59,"minecraft:iron_ingot":11,"minecraft:stone_pickaxe":16,"minecraft:glowstone_dust":37,"minecraft:powered_rail":1,"minecraft:iron_sword":1,"minecraft:acacia_sapling":2,"minecraft:book":95,"minecraft:smooth_basalt":90,"minecraft:pumpkin":8,"minecraft:poisonous_potato":1,"minecraft:lava_bucket":1,"minecraft:sand":21,"minecraft:amethyst_shard":4,"minecraft:white_bed":2,"minecraft:ink_sac":5,"minecraft:stripped_acacia_log":10,"minecraft:iron_hoe":1,"minecraft:polished_andesite":150,"minecraft:polished_diorite":549,"minecraft:stone_axe":15,"minecraft:short_grass":6,"minecraft:iron_helmet":3,"minecraft:granite":1,"minecraft:bone_meal":1,"minecraft:bread":50,"minecraft:baked_potato":55,"minecraft:netherrack":129,"minecraft:melon_seeds":2,"minecraft:coal":226,"minecraft:diamond_pickaxe":2},"minecraft:killed_by":{"minecraft:zombie_villager":1,"minecraft:zombified_piglin":11,"minecraft:creeper":1,"minecraft:skeleton":1},"minecraft:used":{"minecraft:stone_sword":105,"minecraft:stone_shovel":99,"minecraft:chest":2,"minecraft:netherrack":59,"minecraft:wooden_shovel":177,"minecraft:oak_door":8,"minecraft:orange_bed":3,"minecraft:torch":189,"minecraft:dirt":393,"minecraft:carrot":6,"minecraft:polished_diorite":268,"minecraft:glass":2,"minecraft:smooth_basalt":129,"minecraft:golden_sword":22,"minecraft:glowstone":3,"minecraft:bow":50,"minecraft:hay_block":2,"minecraft:acacia_wood":1,"minecraft:cooked_beef":14,"minecraft:potato":114,"minecraft:cobbled_deepslate":35,"minecraft:wheat_seeds":45,"minecraft:short_grass":1,"minecraft:water_bucket":2,"minecraft:diorite":16,"minecraft:amethyst_block":195,"minecraft:stone_pickaxe":2558,"minecraft:polished_andesite":6,"minecraft:baked_potato":6,"minecraft:sugar_cane":59,"minecraft:red_bed":6,"minecraft:white_bed":1,"minecraft:diamond_pickaxe":8,"minecraft:apple":1,"minecraft:bread":18,"minecraft:iron_pickaxe":33,"minecraft:polished_granite":335,"minecraft:stone_axe":41,"minecraft:cobblestone":171,"minecraft:andesite":87,"minecraft:bucket":4},"minecraft:dropped":{"minecraft:iron_ingot":2,"minecraft:acacia_boat":1,"minecraft:short_grass":5,"minecraft:wheat_seeds":1,"minecraft:cooked_beef":17,"minecraft:book":19,"minecraft:cobblestone":21,"minecraft:acacia_log":26,"minecraft:rail":2,"minecraft:acacia_trapdoor":1,"minecraft:coal":48,"minecraft:golden_apple":1,"minecraft:dirt":1,"minecraft:ink_sac":5,"minecraft:gold_nugget":125,"minecraft:acacia_fence_gate":1,"minecraft:sugar":5,"minecraft:smooth_basalt":1,"minecraft:polished_diorite":1,"minecraft:stone_axe":1,"minecraft:stone_sword":1,"minecraft:stone_shovel":2,"minecraft:rotten_flesh":11,"minecraft:iron_boots":1,"minecraft:enchanted_golden_apple":1,"minecraft:salmon":3,"minecraft:andesite":56,"minecraft:melon_seeds":2,"minecraft:acacia_sapling":2,"minecraft:stripped_acacia_log":8,"minecraft:stone_pickaxe":3,"minecraft:acacia_fence":1,"minecraft:egg":1},"minecraft:custom":{"minecraft:mob_kills":48,"minecraft:interact_with_crafting_table":33,"minecraft:bell_ring":1,"minecraft:leave_game":1,"minecraft:time_since_death":150298,"minecraft:climb_one_cm":1152,"minecraft:sprint_one_cm":200935,"minecraft:walk_one_cm":2053502,"minecraft:drop":358,"minecraft:talked_to_villager":2,"minecraft:play_time":551781,"minecraft:deaths":17,"minecraft:sneak_time":1094,"minecraft:walk_under_water_one_cm":70382,"minecraft:boat_one_cm":24805,"minecraft:jump":4477,"minecraft:walk_on_water_one_cm":48814,"minecraft:total_world_time":551781,"minecraft:interact_with_furnace":88,"minecraft:interact_with_cartography_table":1,"minecraft:sleep_in_bed":34,"minecraft:time_since_rest":778,"minecraft:damage_taken":7093,"minecraft:damage_dealt":3331,"minecraft:swim_one_cm":2925,"minecraft:fly_one_cm":81792,"minecraft:open_chest":215,"minecraft:crouch_one_cm":2288,"minecraft:use_cauldron":1,"minecraft:fall_one_cm":63866,"minecraft:horse_one_cm":1904},"minecraft:killed":{"minecraft:armadillo":1,"minecraft:zombified_piglin":7,"minecraft:spider":1,"minecraft:skeleton":5,"minecraft:chicken":2,"minecraft:pig":1,"minecraft:salmon":4,"minecraft:bat":2,"minecraft:creeper":1,"minecraft:squid":2,"minecraft:donkey":1,"minecraft:zombie":8,"minecraft:cow":3},"minecraft:crafted":{"minecraft:oak_planks":24,"minecraft:stone_shovel":6,"minecraft:cooked_mutton":7,"minecraft:stone_pickaxe":26,"minecraft:golden_sword":1,"minecraft:golden_boots":1,"minecraft:cooked_beef":100,"minecraft:sugar":5,"minecraft:wooden_shovel":3,"minecraft:acacia_wood":3,"minecraft:baked_potato":30,"minecraft:copper_ingot":24,"minecraft:glowstone":8,"minecraft:golden_leggings":1,"minecraft:stick":164,"minecraft:iron_ingot":2,"minecraft:stone_sword":10,"minecraft:acacia_planks":36,"minecraft:torch":236},"minecraft:broken":{"minecraft:golden_helmet":2,"minecraft:wooden_shovel":3,"minecraft:stone_pickaxe":18,"minecraft:iron_pickaxe":1}},"DataVersion":3953}