{"stats":{"minecraft:broken":{"minecraft:stone_sword":1,"minecraft:stone_pickaxe":4,"minecraft:stone_axe":1,"minecraft:iron_pickaxe":3},"minecraft:dropped":{"minecraft:porkchop":1,"minecraft:cobblestone":128,"tconstruct:terracube_spawn_egg":1,"minecraft:granite":39,"minecraft:red_bed":2,"minecraft:ink_sac":4,"minecraft:string":1,"quark:foxhound_spawn_egg":1,"quark:tallow":2,"quark:root_item":1,"minecraft:carrot":3,"quark:stoneling_spawn_egg":1,"quark:frog_spawn_egg":1,"quark:wrapped_spawn_egg":1,"minecraft:spider_eye":1},"minecraft:custom":{"minecraft:mob_kills":53,"minecraft:interact_with_crafting_table":19,"minecraft:damage_dealt_resisted":88,"minecraft:leave_game":1,"minecraft:time_since_death":119169,"minecraft:sprint_one_cm":181584,"minecraft:walk_one_cm":260875,"minecraft:damage_blocked_by_shield":1164,"minecraft:drop":23,"minecraft:deaths":4,"minecraft:sneak_time":567,"minecraft:walk_under_water_one_cm":7887,"minecraft:jump":951,"minecraft:walk_on_water_one_cm":31882,"minecraft:interact_with_furnace":49,"minecraft:play_one_minute":209913,"minecraft:sleep_in_bed":3,"minecraft:time_since_rest":50170,"minecraft:damage_taken":1893,"minecraft:damage_dealt":5338,"minecraft:fly_one_cm":176753,"minecraft:swim_one_cm":7086,"minecraft:open_chest":21,"minecraft:crouch_one_cm":933,"minecraft:fall_one_cm":17609},"minecraft:picked_up":{"minecraft:crafting_table":3,"minecraft:clay_ball":8,"minecraft:shield":1,"minecraft:string":13,"minecraft:spruce_planks":9,"minecraft:iron_pickaxe":1,"quark:root_item":3,"minecraft:sugar_cane":4,"minecraft:furnace":2,"minecraft:stick":8,"minecraft:torch":21,"minecraft:porkchop":7,"tac:mp9":1,"minecraft:carrot":17,"minecraft:redstone":192,"tac:hk_mp5a5":1,"minecraft:stone_sword":2,"minecraft:arrow":8,"minecraft:rotten_flesh":18,"quark:smooth_basalt":14,"minecraft:mutton":3,"minecraft:white_wool":1,"minecraft:cobblestone":979,"minecraft:birch_log":7,"minecraft:andesite":4,"minecraft:brown_wool":1,"minecraft:flint":2,"minecraft:gunpowder":1,"minecraft:lapis_lazuli":32,"minecraft:dirt":131,"minecraft:bone":14,"minecraft:wheat_seeds":1,"minecraft:iron_ingot":3,"minecraft:stone_pickaxe":1,"quark:tallow":18,"minecraft:iron_ore":144,"tconstruct:copper_ore":100,"minecraft:gravel":1,"minecraft:spruce_sapling":11,"minecraft:ink_sac":4,"minecraft:spruce_log":30,"minecraft:gold_ore":19,"minecraft:spider_eye":2,"minecraft:spruce_door":2,"quark:cobbled_deepslate":554,"minecraft:diamond":2,"minecraft:stone_axe":2,"minecraft:granite":117,"minecraft:emerald":2,"minecraft:coal":254},"minecraft:crafted":{"minecraft:furnace":6,"minecraft:bone_meal":3,"minecraft:stone_pickaxe":4,"quark:spruce_chest":2,"minecraft:stone_hoe":1,"minecraft:cooked_porkchop":1,"minecraft:crafting_table":2,"minecraft:spruce_planks":84,"minecraft:wooden_pickaxe":1,"minecraft:spruce_door":3,"minecraft:stone_axe":1,"minecraft:air":0,"minecraft:white_wool":1,"tconstruct:copper_ingot":28,"minecraft:charcoal":7,"minecraft:shield":1,"minecraft:stick":40,"minecraft:iron_ingot":97,"minecraft:iron_pickaxe":3,"minecraft:iron_block":1,"minecraft:stone_sword":1,"minecraft:gold_ingot":19,"minecraft:torch":84,"tac:workbench":1},"minecraft:used":{"minecraft:stone_sword":136,"minecraft:shield":30,"minecraft:stone_hoe":36,"minecraft:rotten_flesh":5,"minecraft:torch":88,"minecraft:dirt":43,"quark:forgotten_spawn_egg":1,"minecraft:carrot":55,"quark:spruce_chest":2,"minecraft:furnace":6,"tac:workbench":1,"quark:foxhound_spawn_egg":1,"minecraft:spruce_door":2,"minecraft:stone_pickaxe":524,"minecraft:wooden_pickaxe":18,"quark:wrapped_spawn_egg":3,"minecraft:crafting_table":4,"minecraft:red_bed":2,"quark:stoneling_spawn_egg":2,"tconstruct:terracube_spawn_egg":1,"minecraft:command_block":1,"minecraft:iron_pickaxe":745,"minecraft:spruce_sapling":4,"minecraft:gravel":1,"minecraft:stone_axe":134,"minecraft:cobblestone":12,"quark:frog_spawn_egg":9,"minecraft:cooked_porkchop":1,"minecraft:porkchop":3,"minecraft:bone_meal":3},"minecraft:killed_by":{"minecraft:spider":1,"minecraft:cave_spider":1,"minecraft:skeleton":2},"minecraft:killed":{"quark:wrapped":3,"minecraft:spider":4,"quark:forgotten":1,"minecraft:skeleton":4,"majruszs_difficulty:creeperling":1,"minecraft:pig":5,"quark:foxhound":1,"tconstruct:terracube":14,"minecraft:creeper":1,"minecraft:squid":3,"minecraft:sheep":2,"minecraft:zombie":13},"minecraft:mined":{"minecraft:diamond_ore":2,"minecraft:granite":39,"minecraft:grass_block":18,"minecraft:spruce_leaves":104,"minecraft:large_fern":9,"minecraft:redstone_ore":21,"minecraft:furnace":1,"minecraft:iron_ore":97,"minecraft:andesite":4,"quark:smooth_basalt":7,"minecraft:stone":587,"tconstruct:copper_ore":52,"minecraft:crafting_table":2,"minecraft:clay":1,"minecraft:torch":1,"minecraft:emerald_ore":1,"minecraft:lapis_ore":5,"minecraft:sugar_cane":1,"minecraft:wall_torch":3,"minecraft:birch_log":7,"minecraft:spruce_log":32,"minecraft:birch_leaves":3,"quark:deepslate":277,"minecraft:grass":4,"minecraft:coal_ore":137,"minecraft:gravel":2,"minecraft:dirt":36,"minecraft:gold_ore":19,"minecraft:fern":2,"quark:root":1}},"DataVersion":2586}