{"stats":{"minecraft:mined":{"minecraft:white_bed":28,"minecraft:farmland":24,"minecraft:sculk_vein":81,"minecraft:brewing_stand":7,"minecraft:obsidian":2,"minecraft:granite":460,"minecraft:budding_amethyst":9,"minecraft:red_sand":1,"minecraft:acacia_log":286,"minecraft:grass_block":4766,"minecraft:polished_diorite":26,"minecraft:chiseled_tuff_bricks":1,"minecraft:hopper":18,"minecraft:composter":2,"minecraft:crimson_fungus":7,"minecraft:oak_wall_sign":5,"minecraft:nether_wart":33,"minecraft:tuff_bricks":14,"minecraft:spawner":6,"minecraft:tall_seagrass":3,"minecraft:weeping_vines_plant":4,"minecraft:raw_iron_block":4,"minecraft:sculk_catalyst":3,"minecraft:glowstone":51,"minecraft:barrel":9,"minecraft:iron_ore":248,"minecraft:cobbled_deepslate":423,"minecraft:fire":29,"minecraft:pumpkin":2,"minecraft:deepslate_lapis_ore":27,"minecraft:enchanting_table":3,"minecraft:sculk_shrieker":2,"minecraft:pointed_dripstone":8,"minecraft:oak_sign":1,"minecraft:dirt_path":378,"minecraft:orange_bed":5,"minecraft:soul_fire":1,"minecraft:deepslate_redstone_ore":48,"minecraft:red_bed":7,"minecraft:blackstone":4,"minecraft:melon_stem":3,"minecraft:smoker":3,"minecraft:crimson_nylium":22,"minecraft:clay":9,"minecraft:torch":97,"minecraft:calcite":139,"minecraft:chest":89,"minecraft:dead_bush":5,"minecraft:nether_quartz_ore":65,"minecraft:glass":21,"minecraft:cobblestone":1450,"minecraft:grindstone":2,"minecraft:sugar_cane":527,"minecraft:oak_planks":14,"minecraft:damaged_anvil":1,"minecraft:wall_torch":95,"minecraft:amethyst_block":147,"minecraft:cauldron":3,"minecraft:deepslate_copper_ore":6,"minecraft:chain":3,"minecraft:nether_wart_block":20,"minecraft:birch_log":92,"minecraft:wheat":999,"minecraft:birch_trapdoor":73,"minecraft:warped_fungus":1,"minecraft:oak_log":488,"minecraft:acacia_fence":169,"minecraft:sand":129,"minecraft:dirt":2650,"minecraft:smooth_basalt":133,"minecraft:netherrack":524,"minecraft:oak_leaves":174,"minecraft:deepslate":1104,"minecraft:nether_gold_ore":54,"minecraft:tuff":158,"minecraft:red_carpet":1,"minecraft:deepslate_diamond_ore":78,"minecraft:oak_door":9,"minecraft:glow_lichen":6,"minecraft:nether_bricks":2,"minecraft:ladder":3,"minecraft:cobbled_deepslate_slab":5,"minecraft:crimson_roots":27,"minecraft:weeping_vines":2,"minecraft:redstone_wire":14,"minecraft:acacia_slab":130,"minecraft:red_mushroom":10,"minecraft:sandstone":6,"minecraft:crimson_stem":127,"minecraft:hay_block":86,"minecraft:oak_trapdoor":2,"minecraft:furnace":15,"minecraft:carrots":571,"minecraft:acacia_trapdoor":9,"minecraft:andesite":91,"minecraft:bell":4,"minecraft:nether_brick_fence":2,"minecraft:polished_deepslate":1,"minecraft:bookshelf":39,"minecraft:potatoes":542,"minecraft:cobblestone_slab":776,"minecraft:shroomlight":13,"minecraft:deepslate_iron_ore":254,"minecraft:rail":74,"minecraft:stripped_oak_log":1,"minecraft:bone_block":18,"minecraft:stone":2502,"minecraft:oak_slab":11,"minecraft:acacia_leaves":53,"minecraft:soul_sand":41,"minecraft:basalt":39,"minecraft:polished_granite":2,"minecraft:crafting_table":17,"minecraft:short_grass":1497,"minecraft:sculk_sensor":8,"minecraft:tall_grass":122,"minecraft:copper_ore":58,"minecraft:deepslate_gold_ore":204,"minecraft:lapis_ore":15,"minecraft:sculk":246,"minecraft:diorite":618,"minecraft:cactus":2,"minecraft:acacia_fence_gate":17,"minecraft:birch_leaves":12,"minecraft:coal_ore":449,"minecraft:dripstone_block":38,"minecraft:gravel":141,"minecraft:acacia_door":1,"minecraft:cobweb":101,"minecraft:acacia_planks":94,"minecraft:oak_button":1,"minecraft:gold_ore":11},"minecraft:picked_up":{"minecraft:iron_chestplate":55,"minecraft:wheat":1928,"minecraft:chainmail_boots":3,"minecraft:nether_brick_fence":1,"minecraft:stone_slab":5,"minecraft:lead":29,"minecraft:enchanted_book":23,"minecraft:nether_brick":28,"minecraft:crimson_planks":16,"minecraft:brewing_stand":10,"minecraft:golden_sword":5,"minecraft:amethyst_block":311,"minecraft:polished_deepslate":3,"minecraft:music_disc_cat":5,"minecraft:string":567,"minecraft:raw_copper":763,"minecraft:cooked_salmon":8,"minecraft:iron_leggings":46,"minecraft:shroomlight":14,"minecraft:oak_sign":26,"minecraft:activator_rail":30,"minecraft:red_sand":2,"minecraft:gold_nugget":654,"minecraft:cobbled_deepslate":3085,"minecraft:bucket":31,"minecraft:acacia_fence_gate":27,"minecraft:cobblestone_slab":1168,"minecraft:calcite":277,"minecraft:iron_pickaxe":110,"minecraft:enchanted_golden_apple":4,"minecraft:furnace":15,"minecraft:iron_boots":58,"minecraft:golden_helmet":8,"minecraft:stick":763,"minecraft:music_disc_blocks":1,"minecraft:acacia_fence":253,"minecraft:birch_trapdoor":107,"minecraft:composter":8,"minecraft:torch":2302,"minecraft:acacia_log":380,"minecraft:porkchop":26,"minecraft:pointed_dripstone":97,"minecraft:diorite":913,"minecraft:golden_chestplate":17,"minecraft:cauldron":4,"minecraft:orange_bed":6,"minecraft:stone_sword":41,"minecraft:cactus":10,"minecraft:rotten_flesh":889,"minecraft:tropical_fish":2,"minecraft:armadillo_scute":14,"minecraft:glowstone":10,"minecraft:bookshelf":3,"minecraft:blaze_rod":8,"minecraft:obsidian":34,"minecraft:blaze_powder":10,"minecraft:cobblestone":8094,"minecraft:birch_log":189,"minecraft:enchanting_table":3,"minecraft:leather_chestplate":5,"minecraft:feather":230,"minecraft:cooked_beef":97,"minecraft:water_bucket":33,"minecraft:andesite":397,"minecraft:golden_leggings":4,"minecraft:smoker":3,"minecraft:potato":2678,"minecraft:flint":57,"minecraft:tuff":270,"minecraft:acacia_boat":35,"minecraft:map":7,"minecraft:lapis_lazuli":1039,"minecraft:dirt":11007,"minecraft:polished_granite":86,"minecraft:name_tag":26,"minecraft:leather_boots":6,"minecraft:glass":7,"minecraft:bone":1590,"minecraft:acacia_planks":453,"minecraft:bow":78,"minecraft:wheat_seeds":5203,"minecraft:raw_gold":494,"minecraft:cobbled_deepslate_slab":20,"minecraft:bell":9,"minecraft:birch_wood":8,"minecraft:grindstone":5,"minecraft:glowstone_dust":318,"minecraft:powered_rail":12,"minecraft:oak_planks":355,"minecraft:stone_hoe":8,"minecraft:music_disc_13":1,"minecraft:poisonous_potato":19,"minecraft:sand":186,"minecraft:ink_sac":39,"minecraft:grass_block":2,"minecraft:acacia_stairs":8,"minecraft:spectral_arrow":54,"minecraft:barrel":10,"minecraft:iron_hoe":2,"minecraft:stripped_acacia_log":4,"minecraft:polished_andesite":220,"minecraft:sugar":18,"minecraft:diamond":363,"minecraft:granite":605,"minecraft:bone_meal":2,"minecraft:golden_apple":18,"minecraft:bread":668,"minecraft:chainmail_helmet":2,"minecraft:golden_horse_armor":2,"minecraft:emerald":27,"minecraft:oak_sapling":219,"minecraft:netherrack":786,"minecraft:crimson_roots":41,"minecraft:diamond_pickaxe":14,"minecraft:charcoal":182,"minecraft:crafting_table":20,"minecraft:ladder":3,"minecraft:splash_potion":4,"minecraft:chicken":204,"minecraft:nether_wart":255,"minecraft:clay_ball":72,"minecraft:leather_leggings":3,"minecraft:chest_minecart":6,"minecraft:wooden_pickaxe":1,"minecraft:gold_block":1,"minecraft:chain":10,"minecraft:shield":16,"minecraft:red_bed":9,"minecraft:oak_trapdoor":2,"minecraft:acacia_door":1,"minecraft:iron_axe":13,"minecraft:flint_and_steel":13,"minecraft:iron_shovel":19,"minecraft:birch_fence":30,"minecraft:blackstone":90,"minecraft:detector_rail":13,"minecraft:beef":661,"minecraft:oak_boat":3,"minecraft:iron_nugget":42,"minecraft:poppy":290,"minecraft:chest":109,"minecraft:sugar_cane":2058,"minecraft:birch_sapling":4,"minecraft:egg":241,"minecraft:raw_iron":861,"minecraft:sandstone":7,"minecraft:oak_door":13,"minecraft:copper_ingot":128,"minecraft:fire_charge":12,"minecraft:carrot":2975,"minecraft:redstone":862,"minecraft:iron_horse_armor":5,"minecraft:weeping_vines":6,"minecraft:arrow":1795,"minecraft:stone_shovel":21,"minecraft:beetroot_seeds":14,"minecraft:nether_bricks":2,"minecraft:deepslate_bricks":6,"minecraft:hay_block":86,"minecraft:bone_block":18,"minecraft:saddle":4,"minecraft:gold_ingot":266,"minecraft:tuff_bricks":14,"minecraft:glow_berries":24,"minecraft:mutton":95,"minecraft:white_wool":41,"minecraft:rail":239,"minecraft:stripped_oak_log":2,"minecraft:basalt":34,"minecraft:crimson_stem":131,"minecraft:glow_ink_sac":2,"minecraft:salmon":4,"minecraft:leather":269,"minecraft:red_mushroom":10,"minecraft:acacia_wood":3,"minecraft:filled_map":1,"minecraft:crimson_fungus":7,"minecraft:oak_log":881,"minecraft:golden_boots":13,"minecraft:nether_wart_block":24,"minecraft:gunpowder":1499,"minecraft:cooked_mutton":16,"minecraft:apple":26,"minecraft:acacia_trapdoor":15,"minecraft:iron_ingot":1087,"minecraft:stone_pickaxe":65,"minecraft:cooked_chicken":4,"minecraft:glass_bottle":13,"minecraft:iron_sword":57,"minecraft:acacia_sapling":9,"minecraft:soul_sand":80,"minecraft:book":188,"minecraft:oak_slab":18,"minecraft:smooth_basalt":195,"minecraft:pumpkin":11,"minecraft:quartz":224,"minecraft:raw_iron_block":8,"minecraft:dripstone_block":81,"minecraft:gravel":488,"minecraft:lava_bucket":16,"minecraft:amethyst_shard":36,"minecraft:white_bed":32,"minecraft:spider_eye":31,"minecraft:diamond_shovel":1,"minecraft:pumpkin_seeds":38,"minecraft:slime_ball":36,"minecraft:polished_diorite":356,"minecraft:stone_axe":8,"minecraft:rib_armor_trim_smithing_template":2,"minecraft:iron_helmet":33,"minecraft:oak_button":13,"minecraft:black_wool":6,"minecraft:baked_potato":1587,"minecraft:damaged_anvil":1,"minecraft:acacia_slab":464,"minecraft:melon_seeds":30,"minecraft:coal":900,"minecraft:chiseled_tuff_bricks":1,"minecraft:hopper":19,"minecraft:ender_pearl":24},"minecraft:killed_by":{"minecraft:zombified_piglin":4,"minecraft:creeper":6,"minecraft:zombie":12,"minecraft:player":6,"minecraft:spider":1,"minecraft:enderman":1,"minecraft:iron_golem":1,"minecraft:warden":5,"minecraft:hoglin":1,"minecraft:skeleton":13},"minecraft:used":{"minecraft:iron_shovel":4684,"minecraft:polished_deepslate":7,"minecraft:ladder":3,"minecraft:oak_sign":13,"minecraft:chest":102,"minecraft:shield":85,"minecraft:iron_sword":3233,"minecraft:nether_wart":41,"minecraft:bell":3,"minecraft:iron_chestplate":12,"minecraft:soul_sand":21,"minecraft:carrot":793,"minecraft:tuff":42,"minecraft:acacia_sapling":15,"minecraft:milk_bucket":1,"minecraft:glass":22,"minecraft:lava_bucket":101,"minecraft:grass_block":1,"minecraft:birch_sapling":4,"minecraft:iron_helmet":4,"minecraft:birch_trapdoor":73,"minecraft:bow":202,"minecraft:furnace":16,"minecraft:oak_sapling":8,"minecraft:acacia_fence":167,"minecraft:egg":71,"minecraft:potato":524,"minecraft:golden_boots":2,"minecraft:diorite":7,"minecraft:stone_pickaxe":1989,"minecraft:acacia_trapdoor":9,"minecraft:oak_planks":6,"minecraft:blackstone":1,"minecraft:ender_pearl":2,"minecraft:wooden_pickaxe":69,"minecraft:sandstone":5,"minecraft:composter":2,"minecraft:sugar_cane":78,"minecraft:sand":4,"minecraft:dripstone_block":21,"minecraft:acacia_door":1,"minecraft:bread":224,"minecraft:gravel":17,"minecraft:nether_wart_block":15,"minecraft:fire_charge":1,"minecraft:grindstone":1,"minecraft:andesite":26,"minecraft:oak_boat":1,"minecraft:bone_meal":109,"minecraft:stone_sword":986,"minecraft:oak_trapdoor":6,"minecraft:acacia_log":17,"minecraft:enchanting_table":3,"minecraft:flint_and_steel":53,"minecraft:stone_shovel":1745,"minecraft:cooked_salmon":1,"minecraft:stone_hoe":284,"minecraft:netherrack":348,"minecraft:oak_door":9,"minecraft:orange_bed":5,"minecraft:torch":1372,"minecraft:brewing_stand":4,"minecraft:dirt":4121,"minecraft:anvil":1,"minecraft:wheat":1,"minecraft:hopper":18,"minecraft:golden_chestplate":1,"minecraft:granite":38,"minecraft:polished_diorite":46,"minecraft:iron_hoe":307,"minecraft:bookshelf":31,"minecraft:iron_axe":1234,"minecraft:acacia_slab":138,"minecraft:iron_boots":5,"minecraft:crimson_planks":4,"minecraft:barrel":9,"minecraft:smooth_basalt":3,"minecraft:basalt":33,"minecraft:acacia_planks":94,"minecraft:cooked_beef":8,"minecraft:cobbled_deepslate":703,"minecraft:pumpkin":1,"minecraft:iron_leggings":5,"minecraft:pointed_dripstone":2,"minecraft:wheat_seeds":798,"minecraft:cooked_mutton":7,"minecraft:acacia_boat":30,"minecraft:water_bucket":466,"minecraft:amethyst_block":1,"minecraft:glass_bottle":9,"minecraft:polished_andesite":8,"minecraft:baked_potato":221,"minecraft:cauldron":4,"minecraft:cobblestone_slab":808,"minecraft:deepslate_bricks":2,"minecraft:salmon":1,"minecraft:tnt":19,"minecraft:oak_slab":13,"minecraft:crafting_table":24,"minecraft:red_bed":8,"minecraft:white_bed":32,"minecraft:smoker":5,"minecraft:oak_log":19,"minecraft:diamond_pickaxe":301,"minecraft:diamond_shovel":1591,"minecraft:oak_button":7,"minecraft:iron_pickaxe":8572,"minecraft:map":1,"minecraft:acacia_fence_gate":17,"minecraft:stone_axe":612,"minecraft:cobblestone":1855,"minecraft:cobbled_deepslate_slab":5,"minecraft:porkchop":4,"minecraft:cooked_porkchop":1,"minecraft:bucket":585,"minecraft:splash_potion":9},"minecraft:dropped":{"minecraft:acacia_boat":1,"minecraft:iron_sword":19,"minecraft:lapis_lazuli":128,"minecraft:oak_log":77,"minecraft:glow_ink_sac":2,"minecraft:baked_potato":299,"minecraft:crafting_table":1,"minecraft:glow_berries":2,"minecraft:leather":1,"minecraft:leather_helmet":6,"minecraft:red_mushroom":10,"minecraft:music_disc_13":1,"minecraft:dirt":110,"minecraft:crimson_roots":1,"minecraft:bone_meal":17,"minecraft:gold_nugget":1,"minecraft:sand":3,"minecraft:sugar":2,"minecraft:iron_pickaxe":24,"minecraft:white_wool":1,"minecraft:gold_ingot":35,"minecraft:bone":32,"minecraft:oak_door":3,"minecraft:gravel":18,"minecraft:stone_axe":8,"minecraft:sugar_cane":21,"minecraft:cobbled_deepslate":162,"minecraft:chiseled_tuff_bricks":1,"minecraft:golden_chestplate":4,"minecraft:wheat":7,"minecraft:pointed_dripstone":1,"minecraft:rotten_flesh":835,"minecraft:oak_planks":13,"minecraft:cooked_mutton":16,"minecraft:white_bed":2,"minecraft:carrot":295,"minecraft:poppy":334,"minecraft:leather_chestplate":4,"minecraft:gunpowder":12,"minecraft:charcoal":47,"minecraft:melon_seeds":8,"minecraft:leather_boots":4,"minecraft:chainmail_boots":1,"minecraft:leather_leggings":3,"minecraft:arrow":70,"minecraft:beef":3,"minecraft:bread":164,"minecraft:netherrack":77,"minecraft:polished_granite":356,"minecraft:iron_ingot":15,"minecraft:oak_slab":11,"minecraft:stone_hoe":1,"minecraft:water_bucket":5,"minecraft:golden_boots":7,"minecraft:wheat_seeds":1800,"minecraft:golden_helmet":6,"minecraft:lead":4,"minecraft:book":8,"minecraft:cobblestone":274,"minecraft:iron_helmet":10,"minecraft:amethyst_block":29,"minecraft:granite":50,"minecraft:acacia_log":7,"minecraft:tropical_fish":1,"minecraft:acacia_trapdoor":2,"minecraft:chainmail_helmet":1,"minecraft:coal":70,"minecraft:polished_andesite":143,"minecraft:stick":179,"minecraft:lava_bucket":2,"minecraft:diorite":227,"minecraft:ink_sac":6,"minecraft:torch":734,"minecraft:iron_leggings":9,"minecraft:armadillo_scute":2,"minecraft:iron_axe":4,"minecraft:iron_shovel":4,"minecraft:string":8,"minecraft:acacia_planks":28,"minecraft:music_disc_cat":1,"minecraft:bucket":7,"minecraft:smooth_basalt":100,"minecraft:redstone":60,"minecraft:polished_diorite":498,"minecraft:tuff_bricks":14,"minecraft:stone_sword":20,"minecraft:tuff":43,"minecraft:raw_iron":64,"minecraft:stone_shovel":5,"minecraft:iron_boots":17,"minecraft:oak_sign":4,"minecraft:flint_and_steel":4,"minecraft:potato":3,"minecraft:shield":6,"minecraft:oak_button":1,"minecraft:diamond_pickaxe":8,"minecraft:iron_chestplate":16,"minecraft:golden_leggings":7,"minecraft:oak_sapling":9,"minecraft:golden_sword":1,"minecraft:spider_eye":1,"minecraft:stripped_acacia_log":2,"minecraft:stone_pickaxe":36,"minecraft:bow":57,"minecraft:calcite":4,"minecraft:black_wool":3},"minecraft:custom":{"minecraft:animals_bred":229,"minecraft:interact_with_crafting_table":245,"minecraft:open_barrel":36,"minecraft:bell_ring":94,"minecraft:leave_game":30,"minecraft:time_since_death":13694,"minecraft:sprint_one_cm":5334243,"minecraft:damage_blocked_by_shield":5726,"minecraft:drop":2107,"minecraft:talked_to_villager":84,"minecraft:play_time":2800964,"minecraft:deaths":69,"minecraft:jump":29601,"minecraft:interact_with_brewingstand":42,"minecraft:walk_on_water_one_cm":361381,"minecraft:enchant_item":42,"minecraft:interact_with_furnace":385,"minecraft:traded_with_villager":9,"minecraft:interact_with_cartography_table":2,"minecraft:sleep_in_bed":128,"minecraft:damage_dealt":129929,"minecraft:player_kills":5,"minecraft:crouch_one_cm":364732,"minecraft:interact_with_smoker":77,"minecraft:use_cauldron":29,"minecraft:horse_one_cm":1719499,"minecraft:mob_kills":3484,"minecraft:interact_with_anvil":24,"minecraft:inspect_hopper":19,"minecraft:climb_one_cm":20955,"minecraft:walk_one_cm":5339112,"minecraft:sneak_time":108295,"minecraft:walk_under_water_one_cm":453098,"minecraft:boat_one_cm":588274,"minecraft:total_world_time":2800964,"minecraft:interact_with_grindstone":4,"minecraft:time_since_rest":13721,"minecraft:damage_taken":47795,"minecraft:swim_one_cm":954315,"minecraft:fly_one_cm":5714030,"minecraft:open_chest":2455,"minecraft:fall_one_cm":697862},"minecraft:killed":{"minecraft:cave_spider":8,"minecraft:zombified_piglin":13,"minecraft:witch":16,"minecraft:spider":29,"minecraft:skeleton":1007,"minecraft:chicken":82,"minecraft:tropical_fish":1,"minecraft:piglin":2,"minecraft:magma_cube":4,"minecraft:pig":2,"minecraft:zombie_villager":20,"minecraft:salmon":2,"minecraft:creeper":984,"minecraft:sheep":23,"minecraft:trader_llama":6,"minecraft:zombie":1044,"minecraft:blaze":13,"minecraft:cow":162,"minecraft:slime":19,"minecraft:drowned":1,"minecraft:bat":5,"minecraft:wandering_trader":3,"minecraft:hoglin":3,"minecraft:wither_skeleton":4,"minecraft:villager":1,"minecraft:enderman":5},"minecraft:crafted":{"minecraft:grindstone":1,"minecraft:oak_planks":832,"minecraft:cobblestone_slab":792,"minecraft:barrel":4,"minecraft:oak_sign":12,"minecraft:blaze_powder":14,"minecraft:cooked_chicken":1,"minecraft:stone":3,"minecraft:diamond_shovel":1,"minecraft:bookshelf":31,"minecraft:cooked_mutton":13,"minecraft:glass":33,"minecraft:hopper":5,"minecraft:bow":13,"minecraft:iron_boots":13,"minecraft:chest":57,"minecraft:acacia_fence":111,"minecraft:oak_button":7,"minecraft:stone_hoe":4,"minecraft:smoker":3,"minecraft:glass_bottle":9,"minecraft:oak_slab":18,"minecraft:emerald":9,"minecraft:cauldron":2,"minecraft:cooked_porkchop":5,"minecraft:crafting_table":13,"minecraft:acacia_slab":198,"minecraft:baked_potato":406,"minecraft:wooden_pickaxe":2,"minecraft:iron_helmet":12,"minecraft:copper_ingot":40,"minecraft:birch_planks":132,"minecraft:tnt":19,"minecraft:charcoal":180,"minecraft:book":91,"minecraft:iron_chestplate":11,"minecraft:paper":267,"minecraft:diamond_pickaxe":2,"minecraft:shield":5,"minecraft:stick":1036,"minecraft:stone_slab":6,"minecraft:iron_ingot":341,"minecraft:iron_pickaxe":51,"minecraft:iron_block":3,"minecraft:stone_sword":7,"minecraft:gold_ingot":111,"minecraft:composter":2,"minecraft:deepslate_bricks":4,"minecraft:polished_andesite":104,"minecraft:cobbled_deepslate_slab":6,"minecraft:oak_door":3,"minecraft:raw_iron":27,"minecraft:stone_shovel":13,"minecraft:acacia_fence_gate":10,"minecraft:furnace":7,"minecraft:bone_meal":120,"minecraft:oak_trapdoor":4,"minecraft:flint_and_steel":5,"minecraft:polished_diorite":500,"minecraft:polished_deepslate":8,"minecraft:iron_axe":10,"minecraft:ladder":3,"minecraft:iron_hoe":2,"minecraft:stone_pickaxe":32,"minecraft:wheat":902,"minecraft:cooked_beef":48,"minecraft:crimson_planks":20,"minecraft:diamond_sword":1,"minecraft:enchanting_table":1,"minecraft:iron_sword":21,"minecraft:acacia_trapdoor":8,"minecraft:cooked_salmon":1,"minecraft:polished_granite":348,"minecraft:acacia_stairs":4,"minecraft:bucket":16,"minecraft:stone_axe":6,"minecraft:bread":406,"minecraft:air":0,"minecraft:acacia_boat":5,"minecraft:oak_boat":1,"minecraft:birch_trapdoor":76,"minecraft:iron_shovel":24,"minecraft:iron_leggings":19,"minecraft:anvil":1,"minecraft:white_bed":5,"minecraft:acacia_planks":1132,"minecraft:torch":1484},"minecraft:broken":{"minecraft:golden_boots":1,"minecraft:iron_shovel":18,"minecraft:stone_pickaxe":13,"minecraft:diamond_shovel":1,"minecraft:stone_axe":4,"minecraft:iron_sword":10,"minecraft:bow":2,"minecraft:stone_shovel":14,"minecraft:iron_hoe":2,"minecraft:stone_sword":6,"minecraft:wooden_pickaxe":1,"minecraft:stone_hoe":1,"minecraft:iron_axe":4,"minecraft:iron_pickaxe":30,"minecraft:iron_helmet":1}},"DataVersion":3953}