{"stats":{"minecraft:mined":{"minecraft:white_bed":2,"minecraft:farmland":3,"minecraft:brewing_stand":2,"minecraft:obsidian":2,"minecraft:granite":414,"minecraft:budding_amethyst":9,"minecraft:acacia_log":175,"minecraft:red_sand":1,"minecraft:grass_block":1005,"minecraft:polished_diorite":6,"minecraft:spawner":3,"minecraft:tall_seagrass":2,"minecraft:raw_iron_block":3,"minecraft:fire":2,"minecraft:iron_ore":195,"minecraft:cobbled_deepslate":81,"minecraft:pumpkin":2,"minecraft:deepslate_lapis_ore":26,"minecraft:enchanting_table":1,"minecraft:pointed_dripstone":7,"minecraft:dirt_path":10,"minecraft:orange_bed":4,"minecraft:deepslate_redstone_ore":45,"minecraft:melon_stem":3,"minecraft:torch":28,"minecraft:calcite":139,"minecraft:chest":7,"minecraft:dead_bush":4,"minecraft:glass":10,"minecraft:cobblestone":147,"minecraft:grindstone":1,"minecraft:sugar_cane":311,"minecraft:oak_planks":9,"minecraft:wall_torch":44,"minecraft:amethyst_block":139,"minecraft:cauldron":1,"minecraft:deepslate_copper_ore":6,"minecraft:chain":3,"minecraft:birch_log":36,"minecraft:wheat":603,"minecraft:birch_trapdoor":1,"minecraft:oak_log":66,"minecraft:acacia_fence":13,"minecraft:sand":38,"minecraft:dirt":220,"minecraft:smooth_basalt":133,"minecraft:oak_leaves":34,"minecraft:deepslate":542,"minecraft:tuff":107,"minecraft:red_carpet":1,"minecraft:deepslate_diamond_ore":21,"minecraft:oak_door":6,"minecraft:glow_lichen":3,"minecraft:acacia_slab":98,"minecraft:sandstone":6,"minecraft:hay_block":65,"minecraft:furnace":5,"minecraft:carrots":208,"minecraft:acacia_trapdoor":5,"minecraft:andesite":68,"minecraft:polished_deepslate":1,"minecraft:bookshelf":8,"minecraft:potatoes":97,"minecraft:cobblestone_slab":45,"minecraft:deepslate_iron_ore":212,"minecraft:rail":74,"minecraft:stone":2159,"minecraft:acacia_leaves":28,"minecraft:crafting_table":8,"minecraft:short_grass":893,"minecraft:tall_grass":77,"minecraft:copper_ore":58,"minecraft:lapis_ore":7,"minecraft:deepslate_gold_ore":86,"minecraft:diorite":572,"minecraft:cactus":2,"minecraft:acacia_fence_gate":6,"minecraft:birch_leaves":1,"minecraft:coal_ore":396,"minecraft:acacia_door":1,"minecraft:gravel":95,"minecraft:dripstone_block":35,"minecraft:cobweb":101,"minecraft:acacia_planks":17,"minecraft:gold_ore":8},"minecraft:picked_up":{"minecraft:iron_chestplate":15,"minecraft:wheat":677,"minecraft:chainmail_boots":1,"minecraft:lead":2,"minecraft:enchanted_book":12,"minecraft:brewing_stand":2,"minecraft:amethyst_block":164,"minecraft:polished_deepslate":3,"minecraft:music_disc_cat":4,"minecraft:string":331,"minecraft:raw_copper":238,"minecraft:iron_leggings":6,"minecraft:activator_rail":12,"minecraft:red_sand":1,"minecraft:cobbled_deepslate":862,"minecraft:bucket":11,"minecraft:acacia_fence_gate":5,"minecraft:cobblestone_slab":452,"minecraft:calcite":136,"minecraft:iron_pickaxe":25,"minecraft:enchanted_golden_apple":2,"minecraft:furnace":5,"minecraft:iron_boots":17,"minecraft:golden_helmet":1,"minecraft:stick":82,"minecraft:acacia_fence":11,"minecraft:birch_trapdoor":1,"minecraft:torch":876,"minecraft:acacia_log":206,"minecraft:porkchop":5,"minecraft:pointed_dripstone":40,"minecraft:diorite":775,"minecraft:golden_chestplate":4,"minecraft:cauldron":1,"minecraft:orange_bed":5,"minecraft:stone_sword":16,"minecraft:cactus":5,"minecraft:rotten_flesh":157,"minecraft:armadillo_scute":6,"minecraft:obsidian":2,"minecraft:cobblestone":3598,"minecraft:birch_log":72,"minecraft:enchanting_table":1,"minecraft:cooked_beef":15,"minecraft:water_bucket":9,"minecraft:andesite":139,"minecraft:golden_leggings":2,"minecraft:potato":327,"minecraft:flint":14,"minecraft:tuff":139,"minecraft:acacia_boat":22,"minecraft:dirt":1464,"minecraft:lapis_lazuli":275,"minecraft:polished_granite":11,"minecraft:name_tag":11,"minecraft:bone":191,"minecraft:acacia_planks":65,"minecraft:bow":13,"minecraft:wheat_seeds":1834,"minecraft:raw_gold":155,"minecraft:grindstone":1,"minecraft:powered_rail":3,"minecraft:stone_hoe":1,"minecraft:oak_planks":58,"minecraft:poisonous_potato":2,"minecraft:sand":38,"minecraft:ink_sac":7,"minecraft:grass_block":1,"minecraft:stripped_acacia_log":4,"minecraft:polished_andesite":82,"minecraft:diamond":54,"minecraft:granite":469,"minecraft:golden_apple":5,"minecraft:golden_horse_armor":2,"minecraft:bread":575,"minecraft:oak_sapling":1,"minecraft:diamond_pickaxe":9,"minecraft:crafting_table":10,"minecraft:leather_leggings":1,"minecraft:chest_minecart":2,"minecraft:chain":4,"minecraft:red_bed":1,"minecraft:acacia_door":1,"minecraft:iron_axe":4,"minecraft:flint_and_steel":3,"minecraft:iron_shovel":4,"minecraft:detector_rail":2,"minecraft:beef":97,"minecraft:sugar_cane":593,"minecraft:chest":14,"minecraft:egg":15,"minecraft:raw_iron":573,"minecraft:sandstone":6,"minecraft:oak_door":6,"minecraft:carrot":514,"minecraft:redstone":384,"minecraft:iron_horse_armor":2,"minecraft:arrow":103,"minecraft:stone_shovel":4,"minecraft:beetroot_seeds":4,"minecraft:deepslate_bricks":2,"minecraft:hay_block":65,"minecraft:saddle":1,"minecraft:gold_ingot":3,"minecraft:mutton":33,"minecraft:glow_berries":5,"minecraft:white_wool":21,"minecraft:rail":93,"minecraft:salmon":2,"minecraft:leather":45,"minecraft:oak_log":65,"minecraft:gunpowder":74,"minecraft:cooked_mutton":14,"minecraft:apple":1,"minecraft:acacia_trapdoor":5,"minecraft:iron_ingot":9,"minecraft:stone_pickaxe":29,"minecraft:glass_bottle":1,"minecraft:acacia_sapling":9,"minecraft:iron_sword":18,"minecraft:book":40,"minecraft:smooth_basalt":177,"minecraft:pumpkin":2,"minecraft:raw_iron_block":6,"minecraft:dripstone_block":51,"minecraft:gravel":86,"minecraft:amethyst_shard":10,"minecraft:white_bed":5,"minecraft:spider_eye":10,"minecraft:pumpkin_seeds":26,"minecraft:slime_ball":11,"minecraft:polished_diorite":38,"minecraft:stone_axe":7,"minecraft:iron_helmet":2,"minecraft:melon_seeds":24,"minecraft:acacia_slab":104,"minecraft:black_wool":4,"minecraft:coal":595,"minecraft:ender_pearl":1},"minecraft:killed_by":{"minecraft:zombie":8,"minecraft:player":3,"minecraft:enderman":1,"minecraft:skeleton":8},"minecraft:used":{"minecraft:iron_shovel":1248,"minecraft:polished_deepslate":7,"minecraft:chest":22,"minecraft:iron_sword":985,"minecraft:iron_chestplate":5,"minecraft:carrot":302,"minecraft:tuff":17,"minecraft:glass":22,"minecraft:lava_bucket":22,"minecraft:birch_trapdoor":73,"minecraft:bow":2,"minecraft:furnace":12,"minecraft:acacia_fence":90,"minecraft:egg":13,"minecraft:potato":176,"minecraft:diorite":7,"minecraft:acacia_trapdoor":9,"minecraft:stone_pickaxe":1677,"minecraft:oak_planks":1,"minecraft:wooden_pickaxe":64,"minecraft:sandstone":5,"minecraft:composter":2,"minecraft:sugar_cane":56,"minecraft:sand":4,"minecraft:dripstone_block":21,"minecraft:acacia_door":1,"minecraft:bread":182,"minecraft:gravel":5,"minecraft:andesite":26,"minecraft:bone_meal":109,"minecraft:enchanting_table":2,"minecraft:stone_sword":227,"minecraft:acacia_log":17,"minecraft:flint_and_steel":3,"minecraft:cooked_salmon":1,"minecraft:stone_hoe":279,"minecraft:oak_door":6,"minecraft:orange_bed":4,"minecraft:torch":845,"minecraft:dirt":545,"minecraft:anvil":1,"minecraft:wheat":1,"minecraft:golden_chestplate":1,"minecraft:granite":8,"minecraft:polished_diorite":8,"minecraft:iron_hoe":57,"minecraft:iron_axe":72,"minecraft:acacia_slab":138,"minecraft:iron_boots":4,"minecraft:smooth_basalt":3,"minecraft:cooked_beef":8,"minecraft:cobbled_deepslate":213,"minecraft:acacia_planks":94,"minecraft:pumpkin":1,"minecraft:iron_leggings":1,"minecraft:pointed_dripstone":2,"minecraft:wheat_seeds":529,"minecraft:cooked_mutton":5,"minecraft:acacia_boat":23,"minecraft:water_bucket":198,"minecraft:polished_andesite":2,"minecraft:cauldron":3,"minecraft:cobblestone_slab":798,"minecraft:deepslate_bricks":2,"minecraft:salmon":1,"minecraft:crafting_table":13,"minecraft:red_bed":1,"minecraft:white_bed":8,"minecraft:diamond_pickaxe":2,"minecraft:iron_pickaxe":4338,"minecraft:acacia_fence_gate":10,"minecraft:stone_axe":323,"minecraft:cobblestone":1610,"minecraft:cooked_porkchop":1,"minecraft:bucket":223},"minecraft:dropped":{"minecraft:acacia_boat":1,"minecraft:iron_sword":8,"minecraft:crafting_table":1,"minecraft:glow_berries":2,"minecraft:bone_meal":17,"minecraft:iron_pickaxe":9,"minecraft:bone":2,"minecraft:oak_door":3,"minecraft:gravel":3,"minecraft:stone_axe":6,"minecraft:sugar_cane":19,"minecraft:cobbled_deepslate":71,"minecraft:wheat":4,"minecraft:rotten_flesh":6,"minecraft:cooked_mutton":16,"minecraft:white_bed":2,"minecraft:carrot":147,"minecraft:melon_seeds":6,"minecraft:chainmail_boots":1,"minecraft:arrow":6,"minecraft:polished_granite":356,"minecraft:water_bucket":2,"minecraft:bread":164,"minecraft:wheat_seeds":57,"minecraft:iron_helmet":2,"minecraft:cobblestone":96,"minecraft:book":8,"minecraft:amethyst_block":29,"minecraft:granite":34,"minecraft:coal":15,"minecraft:stick":9,"minecraft:polished_andesite":143,"minecraft:diorite":215,"minecraft:torch":346,"minecraft:iron_leggings":2,"minecraft:armadillo_scute":2,"minecraft:bucket":2,"minecraft:acacia_planks":16,"minecraft:smooth_basalt":100,"minecraft:polished_diorite":496,"minecraft:stone_sword":10,"minecraft:tuff":3,"minecraft:stone_shovel":3,"minecraft:iron_boots":7,"minecraft:diamond_pickaxe":8,"minecraft:iron_chestplate":7,"minecraft:stripped_acacia_log":2,"minecraft:bow":1,"minecraft:stone_pickaxe":23,"minecraft:black_wool":3},"minecraft:custom":{"minecraft:animals_bred":95,"minecraft:interact_with_crafting_table":131,"minecraft:open_barrel":6,"minecraft:bell_ring":6,"minecraft:leave_game":19,"minecraft:time_since_death":41691,"minecraft:sprint_one_cm":2279594,"minecraft:drop":473,"minecraft:talked_to_villager":51,"minecraft:play_time":1058557,"minecraft:deaths":26,"minecraft:jump":11895,"minecraft:walk_on_water_one_cm":173855,"minecraft:enchant_item":17,"minecraft:interact_with_furnace":247,"minecraft:traded_with_villager":3,"minecraft:interact_with_cartography_table":2,"minecraft:sleep_in_bed":65,"minecraft:damage_dealt":30729,"minecraft:crouch_one_cm":135525,"minecraft:interact_with_smoker":1,"minecraft:use_cauldron":17,"minecraft:mob_kills":346,"minecraft:interact_with_anvil":9,"minecraft:climb_one_cm":80,"minecraft:walk_one_cm":2388450,"minecraft:sneak_time":42084,"minecraft:walk_under_water_one_cm":173989,"minecraft:boat_one_cm":488657,"minecraft:total_world_time":1058557,"minecraft:interact_with_grindstone":1,"minecraft:time_since_rest":12950,"minecraft:damage_taken":17466,"minecraft:swim_one_cm":229919,"minecraft:fly_one_cm":2169963,"minecraft:open_chest":637,"minecraft:fall_one_cm":281622},"minecraft:killed":{"minecraft:cave_spider":8,"minecraft:witch":1,"minecraft:spider":15,"minecraft:skeleton":71,"minecraft:chicken":1,"minecraft:pig":2,"minecraft:zombie_villager":1,"minecraft:salmon":1,"minecraft:creeper":43,"minecraft:sheep":22,"minecraft:trader_llama":2,"minecraft:zombie":101,"minecraft:cow":52,"minecraft:slime":11,"minecraft:bat":1,"minecraft:wandering_trader":1,"minecraft:villager":1,"minecraft:enderman":3},"minecraft:crafted":{"minecraft:oak_planks":324,"minecraft:cobblestone_slab":780,"minecraft:bookshelf":10,"minecraft:cooked_mutton":13,"minecraft:glass":28,"minecraft:iron_boots":6,"minecraft:chest":14,"minecraft:acacia_fence":111,"minecraft:stone_hoe":4,"minecraft:emerald":3,"minecraft:cauldron":2,"minecraft:cooked_porkchop":5,"minecraft:crafting_table":7,"minecraft:acacia_slab":198,"minecraft:baked_potato":80,"minecraft:wooden_pickaxe":1,"minecraft:iron_helmet":4,"minecraft:copper_ingot":24,"minecraft:birch_planks":132,"minecraft:book":23,"minecraft:iron_chestplate":6,"minecraft:paper":63,"minecraft:diamond_pickaxe":2,"minecraft:stick":724,"minecraft:iron_ingot":316,"minecraft:iron_pickaxe":22,"minecraft:iron_block":3,"minecraft:stone_sword":5,"minecraft:gold_ingot":16,"minecraft:composter":2,"minecraft:deepslate_bricks":4,"minecraft:polished_andesite":104,"minecraft:oak_door":3,"minecraft:raw_iron":27,"minecraft:furnace":7,"minecraft:acacia_fence_gate":10,"minecraft:bone_meal":120,"minecraft:flint_and_steel":1,"minecraft:polished_diorite":500,"minecraft:polished_deepslate":8,"minecraft:iron_axe":2,"minecraft:ladder":3,"minecraft:stone_pickaxe":26,"minecraft:wheat":713,"minecraft:cooked_beef":22,"minecraft:diamond_sword":1,"minecraft:enchanting_table":1,"minecraft:iron_sword":7,"minecraft:acacia_trapdoor":8,"minecraft:cooked_salmon":1,"minecraft:polished_granite":348,"minecraft:bucket":2,"minecraft:acacia_stairs":4,"minecraft:stone_axe":2,"minecraft:acacia_boat":4,"minecraft:bread":406,"minecraft:air":0,"minecraft:birch_trapdoor":76,"minecraft:iron_shovel":5,"minecraft:iron_leggings":4,"minecraft:anvil":1,"minecraft:white_bed":5,"minecraft:acacia_planks":700,"minecraft:torch":1124},"minecraft:broken":{"minecraft:iron_shovel":3,"minecraft:stone_pickaxe":12,"minecraft:stone_axe":2,"minecraft:iron_sword":1,"minecraft:iron_hoe":1,"minecraft:stone_sword":1,"minecraft:stone_hoe":1,"minecraft:wooden_pickaxe":1,"minecraft:iron_pickaxe":15}},"DataVersion":3953}