{"stats":{"minecraft:custom":{"minecraft:interact_with_furnace":9,"minecraft:mob_kills":14,"minecraft:interact_with_crafting_table":12,"minecraft:play_one_minute":39319,"minecraft:damage_dealt_resisted":88,"minecraft:time_since_death":19824,"minecraft:time_since_rest":19857,"minecraft:sprint_one_cm":97577,"minecraft:damage_taken":645,"minecraft:walk_one_cm":97505,"minecraft:damage_dealt":2438,"minecraft:swim_one_cm":1840,"minecraft:fly_one_cm":71691,"minecraft:open_chest":12,"minecraft:crouch_one_cm":466,"minecraft:deaths":1,"minecraft:sneak_time":94,"minecraft:walk_under_water_one_cm":687,"minecraft:jump":450,"minecraft:walk_on_water_one_cm":5479,"minecraft:fall_one_cm":10644},"minecraft:broken":{"minecraft:stone_pickaxe":3},"minecraft:picked_up":{"minecraft:birch_log":7,"minecraft:crafting_table":1,"minecraft:flint":2,"minecraft:dirt":80,"minecraft:string":12,"minecraft:bone":2,"minecraft:stone_pickaxe":1,"quark:tallow":16,"minecraft:iron_ore":13,"minecraft:sugar_cane":4,"minecraft:stick":2,"tconstruct:copper_ore":18,"minecraft:torch":1,"minecraft:porkchop":5,"minecraft:spruce_sapling":3,"minecraft:spruce_log":15,"minecraft:carrot":5,"minecraft:spider_eye":1,"quark:cobbled_deepslate":76,"minecraft:stone_sword":1,"minecraft:rotten_flesh":9,"minecraft:stone_axe":1,"quark:smooth_basalt":6,"minecraft:coal":26,"minecraft:cobblestone":335},"minecraft:crafted":{"minecraft:cooked_porkchop":1,"minecraft:crafting_table":2,"minecraft:spruce_planks":60,"minecraft:wooden_pickaxe":1,"minecraft:spruce_door":3,"minecraft:furnace":6,"minecraft:bone_meal":3,"minecraft:stone_axe":1,"minecraft:air":0,"minecraft:white_wool":1,"minecraft:charcoal":7,"minecraft:stick":28,"minecraft:stone_pickaxe":4,"minecraft:stone_sword":1,"quark:spruce_chest":1,"minecraft:torch":20,"minecraft:stone_hoe":1},"minecraft:used":{"minecraft:stone_sword":64,"minecraft:spruce_door":2,"minecraft:stone_pickaxe":474,"minecraft:wooden_pickaxe":18,"minecraft:stone_hoe":6,"minecraft:rotten_flesh":1,"minecraft:torch":15,"minecraft:dirt":23,"minecraft:crafting_table":3,"minecraft:carrot":6,"quark:spruce_chest":1,"minecraft:stone_axe":54,"minecraft:furnace":6,"minecraft:porkchop":3,"minecraft:cooked_porkchop":1,"minecraft:bone_meal":3},"minecraft:killed_by":{"minecraft:skeleton":1},"minecraft:killed":{"minecraft:pig":3,"minecraft:spider":3,"minecraft:creeper":1,"minecraft:skeleton":1,"minecraft:zombie":5},"minecraft:mined":{"tconstruct:copper_ore":18,"minecraft:crafting_table":1,"minecraft:grass_block":13,"minecraft:spruce_leaves":38,"minecraft:sugar_cane":1,"minecraft:wall_torch":1,"minecraft:large_fern":4,"minecraft:birch_log":7,"minecraft:iron_ore":13,"minecraft:spruce_log":14,"minecraft:birch_leaves":3,"quark:deepslate":76,"quark:smooth_basalt":6,"minecraft:grass":4,"minecraft:coal_ore":27,"minecraft:gravel":1,"minecraft:dirt":19,"minecraft:stone":335,"minecraft:fern":2}},"DataVersion":2586}