{"stats":{"minecraft:dropped":{"quark:root_item":1,"minecraft:cobblestone":128,"minecraft:granite":39},"minecraft:custom":{"minecraft:interact_with_furnace":48,"minecraft:mob_kills":23,"minecraft:interact_with_crafting_table":19,"minecraft:play_one_minute":87319,"minecraft:damage_dealt_resisted":88,"minecraft:time_since_death":21848,"minecraft:time_since_rest":21874,"minecraft:sprint_one_cm":172742,"minecraft:damage_taken":1294,"minecraft:walk_one_cm":221046,"minecraft:damage_blocked_by_shield":549,"minecraft:drop":4,"minecraft:damage_dealt":4309,"minecraft:swim_one_cm":5865,"minecraft:fly_one_cm":107004,"minecraft:open_chest":21,"minecraft:crouch_one_cm":845,"minecraft:deaths":2,"minecraft:sneak_time":290,"minecraft:walk_under_water_one_cm":6413,"minecraft:jump":872,"minecraft:walk_on_water_one_cm":29376,"minecraft:fall_one_cm":16980},"minecraft:broken":{"minecraft:stone_pickaxe":4,"minecraft:stone_axe":1,"minecraft:iron_pickaxe":2},"minecraft:picked_up":{"minecraft:birch_log":7,"minecraft:crafting_table":3,"minecraft:clay_ball":8,"minecraft:andesite":4,"minecraft:flint":2,"minecraft:shield":1,"minecraft:lapis_lazuli":32,"minecraft:dirt":131,"minecraft:string":12,"minecraft:bone":14,"minecraft:wheat_seeds":1,"minecraft:spruce_planks":9,"minecraft:iron_ingot":3,"minecraft:stone_pickaxe":1,"quark:tallow":16,"minecraft:iron_ore":144,"quark:root_item":3,"minecraft:iron_pickaxe":1,"minecraft:sugar_cane":4,"minecraft:furnace":2,"minecraft:stick":8,"tconstruct:copper_ore":100,"minecraft:torch":21,"minecraft:gravel":1,"minecraft:porkchop":5,"tac:mp9":1,"minecraft:spruce_door":2,"minecraft:spruce_sapling":11,"tac:hk_mp5a5":1,"minecraft:spruce_log":30,"minecraft:carrot":14,"minecraft:gold_ore":19,"minecraft:redstone":192,"minecraft:spider_eye":1,"quark:cobbled_deepslate":554,"minecraft:stone_sword":2,"minecraft:arrow":8,"minecraft:rotten_flesh":15,"minecraft:diamond":2,"minecraft:stone_axe":2,"quark:smooth_basalt":14,"minecraft:granite":117,"minecraft:emerald":2,"minecraft:white_wool":1,"minecraft:mutton":2,"minecraft:coal":254,"minecraft:cobblestone":975},"minecraft:crafted":{"minecraft:cooked_porkchop":1,"minecraft:crafting_table":2,"minecraft:spruce_planks":84,"minecraft:wooden_pickaxe":1,"minecraft:spruce_door":3,"minecraft:furnace":6,"minecraft:bone_meal":3,"minecraft:stone_axe":1,"minecraft:air":0,"tconstruct:copper_ingot":28,"minecraft:white_wool":1,"minecraft:charcoal":7,"minecraft:shield":1,"minecraft:stick":40,"minecraft:iron_ingot":97,"minecraft:iron_pickaxe":3,"minecraft:stone_pickaxe":4,"minecraft:iron_block":1,"minecraft:stone_sword":1,"minecraft:gold_ingot":19,"quark:spruce_chest":2,"minecraft:torch":84,"minecraft:stone_hoe":1,"tac:workbench":1},"minecraft:used":{"tac:workbench":1,"minecraft:stone_sword":112,"minecraft:spruce_door":2,"minecraft:stone_pickaxe":524,"minecraft:shield":14,"minecraft:wooden_pickaxe":18,"minecraft:stone_hoe":36,"minecraft:rotten_flesh":5,"minecraft:torch":88,"minecraft:dirt":43,"minecraft:crafting_table":4,"minecraft:carrot":18,"quark:spruce_chest":2,"minecraft:iron_pickaxe":739,"minecraft:spruce_sapling":4,"minecraft:gravel":1,"minecraft:stone_axe":134,"minecraft:cobblestone":12,"minecraft:furnace":6,"minecraft:porkchop":3,"minecraft:cooked_porkchop":1,"minecraft:bone_meal":3},"minecraft:killed_by":{"minecraft:cave_spider":1,"minecraft:skeleton":1},"minecraft:killed":{"minecraft:pig":3,"minecraft:spider":3,"minecraft:creeper":1,"minecraft:sheep":1,"minecraft:skeleton":4,"minecraft:zombie":10},"minecraft:mined":{"tconstruct:copper_ore":52,"minecraft:diamond_ore":2,"minecraft:clay":1,"minecraft:crafting_table":2,"minecraft:torch":1,"minecraft:granite":39,"minecraft:emerald_ore":1,"minecraft:grass_block":13,"minecraft:spruce_leaves":104,"minecraft:lapis_ore":5,"minecraft:sugar_cane":1,"minecraft:wall_torch":3,"minecraft:large_fern":9,"minecraft:redstone_ore":21,"minecraft:furnace":1,"minecraft:birch_log":7,"minecraft:iron_ore":97,"minecraft:spruce_log":32,"minecraft:andesite":4,"minecraft:birch_leaves":3,"quark:deepslate":277,"quark:smooth_basalt":7,"minecraft:grass":4,"minecraft:coal_ore":137,"minecraft:gravel":2,"minecraft:dirt":36,"minecraft:stone":587,"minecraft:gold_ore":19,"minecraft:fern":2,"quark:root":1}},"DataVersion":2586}