{"stats":{"minecraft:killed_by":{"minecraft:zombified_piglin":4,"minecraft:creeper":4,"minecraft:zombie":9,"minecraft:player":6,"minecraft:enderman":1,"minecraft:iron_golem":1,"minecraft:hoglin":1,"minecraft:skeleton":11},"minecraft:picked_up":{"minecraft:iron_chestplate":37,"minecraft:wheat":1136,"minecraft:chainmail_boots":2,"minecraft:nether_brick_fence":1,"minecraft:lead":10,"minecraft:enchanted_book":22,"minecraft:nether_brick":21,"minecraft:brewing_stand":7,"minecraft:golden_sword":5,"minecraft:amethyst_block":164,"minecraft:polished_deepslate":3,"minecraft:music_disc_cat":5,"minecraft:string":423,"minecraft:raw_copper":542,"minecraft:cooked_salmon":2,"minecraft:iron_leggings":21,"minecraft:shroomlight":3,"minecraft:oak_sign":16,"minecraft:activator_rail":24,"minecraft:red_sand":1,"minecraft:gold_nugget":401,"minecraft:cobbled_deepslate":2255,"minecraft:bucket":21,"minecraft:acacia_fence_gate":10,"minecraft:cobblestone_slab":554,"minecraft:calcite":136,"minecraft:iron_pickaxe":64,"minecraft:enchanted_golden_apple":3,"minecraft:iron_boots":40,"minecraft:furnace":12,"minecraft:golden_helmet":5,"minecraft:stick":528,"minecraft:acacia_fence":45,"minecraft:composter":6,"minecraft:birch_trapdoor":5,"minecraft:torch":1918,"minecraft:acacia_log":346,"minecraft:porkchop":17,"minecraft:pointed_dripstone":77,"minecraft:diorite":837,"minecraft:golden_chestplate":11,"minecraft:cauldron":2,"minecraft:orange_bed":6,"minecraft:stone_sword":39,"minecraft:cactus":5,"minecraft:rotten_flesh":453,"minecraft:tropical_fish":1,"minecraft:armadillo_scute":10,"minecraft:glowstone":5,"minecraft:bookshelf":3,"minecraft:blaze_rod":8,"minecraft:obsidian":23,"minecraft:cobblestone":4970,"minecraft:birch_log":166,"minecraft:enchanting_table":2,"minecraft:leather_chestplate":2,"minecraft:feather":155,"minecraft:cooked_beef":97,"minecraft:water_bucket":26,"minecraft:andesite":181,"minecraft:golden_leggings":2,"minecraft:potato":1439,"minecraft:flint":33,"minecraft:tuff":187,"minecraft:acacia_boat":32,"minecraft:dirt":4105,"minecraft:map":4,"minecraft:lapis_lazuli":791,"minecraft:polished_granite":11,"minecraft:name_tag":26,"minecraft:leather_boots":4,"minecraft:bone":393,"minecraft:acacia_planks":176,"minecraft:bow":53,"minecraft:wheat_seeds":4023,"minecraft:raw_gold":427,"minecraft:cobbled_deepslate_slab":6,"minecraft:bell":8,"minecraft:grindstone":3,"minecraft:glowstone_dust":212,"minecraft:powered_rail":9,"minecraft:stone_hoe":5,"minecraft:oak_planks":354,"minecraft:poisonous_potato":9,"minecraft:sand":69,"minecraft:ink_sac":29,"minecraft:grass_block":1,"minecraft:acacia_stairs":4,"minecraft:spectral_arrow":54,"minecraft:barrel":5,"minecraft:stripped_acacia_log":4,"minecraft:polished_andesite":123,"minecraft:sugar":9,"minecraft:diamond":278,"minecraft:nether_wart":57,"minecraft:granite":501,"minecraft:bone_meal":1,"minecraft:chainmail_helmet":1,"minecraft:golden_apple":9,"minecraft:bread":662,"minecraft:golden_horse_armor":2,"minecraft:emerald":18,"minecraft:oak_sapling":149,"minecraft:netherrack":625,"minecraft:crimson_roots":23,"minecraft:diamond_pickaxe":14,"minecraft:charcoal":128,"minecraft:crafting_table":14,"minecraft:splash_potion":3,"minecraft:chicken":122,"minecraft:leather_leggings":2,"minecraft:chest_minecart":4,"minecraft:chain":8,"minecraft:shield":10,"minecraft:red_bed":4,"minecraft:oak_trapdoor":2,"minecraft:iron_axe":10,"minecraft:acacia_door":1,"minecraft:flint_and_steel":11,"minecraft:birch_fence":15,"minecraft:iron_shovel":11,"minecraft:blackstone":66,"minecraft:detector_rail":9,"minecraft:beef":269,"minecraft:iron_nugget":19,"minecraft:poppy":9,"minecraft:sugar_cane":1200,"minecraft:chest":45,"minecraft:birch_sapling":2,"minecraft:egg":201,"minecraft:raw_iron":595,"minecraft:sandstone":6,"minecraft:oak_door":10,"minecraft:copper_ingot":64,"minecraft:fire_charge":9,"minecraft:carrot":1871,"minecraft:redstone":628,"minecraft:iron_horse_armor":3,"minecraft:arrow":512,"minecraft:weeping_vines":3,"minecraft:stone_shovel":13,"minecraft:beetroot_seeds":9,"minecraft:nether_bricks":2,"minecraft:deepslate_bricks":2,"minecraft:hay_block":86,"minecraft:saddle":3,"minecraft:gold_ingot":88,"minecraft:tuff_bricks":14,"minecraft:glow_berries":11,"minecraft:mutton":65,"minecraft:rail":176,"minecraft:white_wool":25,"minecraft:stripped_oak_log":2,"minecraft:basalt":34,"minecraft:crimson_stem":12,"minecraft:glow_ink_sac":2,"minecraft:salmon":3,"minecraft:leather":188,"minecraft:red_mushroom":10,"minecraft:crimson_fungus":3,"minecraft:oak_log":831,"minecraft:golden_boots":4,"minecraft:nether_wart_block":5,"minecraft:gunpowder":272,"minecraft:cooked_mutton":15,"minecraft:apple":25,"minecraft:acacia_trapdoor":11,"minecraft:iron_ingot":196,"minecraft:stone_pickaxe":57,"minecraft:cooked_chicken":2,"minecraft:glass_bottle":3,"minecraft:acacia_sapling":9,"minecraft:iron_sword":33,"minecraft:soul_sand":46,"minecraft:book":113,"minecraft:oak_slab":14,"minecraft:smooth_basalt":177,"minecraft:pumpkin":2,"minecraft:quartz":155,"minecraft:raw_iron_block":6,"minecraft:dripstone_block":65,"minecraft:gravel":290,"minecraft:lava_bucket":15,"minecraft:amethyst_shard":26,"minecraft:white_bed":17,"minecraft:spider_eye":20,"minecraft:pumpkin_seeds":34,"minecraft:slime_ball":26,"minecraft:stone_axe":7,"minecraft:polished_diorite":104,"minecraft:rib_armor_trim_smithing_template":1,"minecraft:iron_helmet":19,"minecraft:oak_button":1,"minecraft:baked_potato":1293,"minecraft:melon_seeds":26,"minecraft:acacia_slab":258,"minecraft:black_wool":5,"minecraft:coal":845,"minecraft:chiseled_tuff_bricks":1,"minecraft:hopper":13,"minecraft:ender_pearl":19},"minecraft:broken":{"minecraft:iron_shovel":7,"minecraft:stone_pickaxe":13,"minecraft:stone_axe":4,"minecraft:iron_sword":8,"minecraft:stone_shovel":1,"minecraft:iron_hoe":1,"minecraft:stone_sword":3,"minecraft:wooden_pickaxe":1,"minecraft:stone_hoe":1,"minecraft:iron_axe":2,"minecraft:iron_pickaxe":21},"minecraft:dropped":{"minecraft:acacia_boat":1,"minecraft:iron_sword":13,"minecraft:lapis_lazuli":128,"minecraft:oak_log":77,"minecraft:glow_ink_sac":2,"minecraft:baked_potato":222,"minecraft:crafting_table":1,"minecraft:glow_berries":2,"minecraft:leather_helmet":3,"minecraft:red_mushroom":10,"minecraft:dirt":109,"minecraft:crimson_roots":1,"minecraft:bone_meal":17,"minecraft:gold_nugget":1,"minecraft:iron_pickaxe":20,"minecraft:white_wool":1,"minecraft:gold_ingot":35,"minecraft:bone":23,"minecraft:oak_door":3,"minecraft:gravel":15,"minecraft:stone_axe":8,"minecraft:sugar_cane":20,"minecraft:cobbled_deepslate":162,"minecraft:chiseled_tuff_bricks":1,"minecraft:golden_chestplate":2,"minecraft:wheat":5,"minecraft:pointed_dripstone":1,"minecraft:rotten_flesh":605,"minecraft:oak_planks":13,"minecraft:cooked_mutton":16,"minecraft:white_bed":2,"minecraft:carrot":293,"minecraft:poppy":3,"minecraft:leather_chestplate":1,"minecraft:gunpowder":8,"minecraft:charcoal":24,"minecraft:melon_seeds":6,"minecraft:leather_boots":4,"minecraft:chainmail_boots":1,"minecraft:leather_leggings":2,"minecraft:arrow":48,"minecraft:beef":3,"minecraft:polished_granite":356,"minecraft:netherrack":77,"minecraft:iron_ingot":12,"minecraft:stone_hoe":1,"minecraft:water_bucket":5,"minecraft:golden_boots":3,"minecraft:bread":164,"minecraft:oak_slab":11,"minecraft:wheat_seeds":1788,"minecraft:golden_helmet":3,"minecraft:book":8,"minecraft:cobblestone":267,"minecraft:iron_helmet":6,"minecraft:amethyst_block":29,"minecraft:granite":48,"minecraft:tropical_fish":1,"minecraft:acacia_trapdoor":2,"minecraft:coal":57,"minecraft:polished_andesite":143,"minecraft:stick":134,"minecraft:lava_bucket":2,"minecraft:diorite":227,"minecraft:ink_sac":3,"minecraft:torch":637,"minecraft:iron_leggings":6,"minecraft:armadillo_scute":2,"minecraft:iron_axe":4,"minecraft:iron_shovel":1,"minecraft:string":7,"minecraft:acacia_planks":28,"minecraft:music_disc_cat":1,"minecraft:bucket":6,"minecraft:smooth_basalt":100,"minecraft:redstone":14,"minecraft:polished_diorite":498,"minecraft:tuff_bricks":14,"minecraft:stone_sword":20,"minecraft:tuff":35,"minecraft:stone_shovel":5,"minecraft:iron_boots":12,"minecraft:flint_and_steel":1,"minecraft:shield":4,"minecraft:oak_button":1,"minecraft:diamond_pickaxe":8,"minecraft:iron_chestplate":12,"minecraft:golden_leggings":5,"minecraft:golden_sword":1,"minecraft:spider_eye":1,"minecraft:stripped_acacia_log":2,"minecraft:stone_pickaxe":34,"minecraft:bow":34,"minecraft:black_wool":3},"minecraft:used":{"minecraft:iron_shovel":2128,"minecraft:polished_deepslate":7,"minecraft:ladder":3,"minecraft:oak_sign":13,"minecraft:chest":78,"minecraft:shield":28,"minecraft:iron_sword":2493,"minecraft:nether_wart":20,"minecraft:bell":3,"minecraft:iron_chestplate":10,"minecraft:soul_sand":20,"minecraft:carrot":640,"minecraft:tuff":17,"minecraft:acacia_sapling":15,"minecraft:milk_bucket":1,"minecraft:glass":22,"minecraft:lava_bucket":90,"minecraft:birch_sapling":3,"minecraft:iron_helmet":2,"minecraft:birch_trapdoor":73,"minecraft:bow":117,"minecraft:oak_sapling":6,"minecraft:furnace":16,"minecraft:acacia_fence":92,"minecraft:egg":70,"minecraft:potato":524,"minecraft:diorite":7,"minecraft:acacia_trapdoor":9,"minecraft:stone_pickaxe":1983,"minecraft:oak_planks":6,"minecraft:blackstone":1,"minecraft:ender_pearl":2,"minecraft:wooden_pickaxe":69,"minecraft:sandstone":5,"minecraft:composter":2,"minecraft:sugar_cane":78,"minecraft:sand":4,"minecraft:dripstone_block":21,"minecraft:acacia_door":1,"minecraft:bread":224,"minecraft:gravel":8,"minecraft:fire_charge":1,"minecraft:grindstone":1,"minecraft:andesite":26,"minecraft:oak_boat":1,"minecraft:bone_meal":109,"minecraft:oak_trapdoor":6,"minecraft:acacia_log":17,"minecraft:enchanting_table":3,"minecraft:stone_sword":692,"minecraft:flint_and_steel":19,"minecraft:stone_shovel":444,"minecraft:cooked_salmon":1,"minecraft:stone_hoe":284,"minecraft:netherrack":348,"minecraft:oak_door":8,"minecraft:orange_bed":5,"minecraft:torch":1182,"minecraft:brewing_stand":4,"minecraft:dirt":1890,"minecraft:anvil":1,"minecraft:wheat":1,"minecraft:hopper":18,"minecraft:golden_chestplate":1,"minecraft:granite":8,"minecraft:polished_diorite":8,"minecraft:iron_hoe":57,"minecraft:bookshelf":31,"minecraft:iron_axe":559,"minecraft:acacia_slab":138,"minecraft:iron_boots":5,"minecraft:crimson_planks":4,"minecraft:barrel":9,"minecraft:smooth_basalt":3,"minecraft:basalt":33,"minecraft:acacia_planks":94,"minecraft:cooked_beef":8,"minecraft:cobbled_deepslate":608,"minecraft:pumpkin":1,"minecraft:iron_leggings":3,"minecraft:pointed_dripstone":2,"minecraft:wheat_seeds":798,"minecraft:cooked_mutton":6,"minecraft:acacia_boat":29,"minecraft:water_bucket":314,"minecraft:glass_bottle":9,"minecraft:polished_andesite":2,"minecraft:baked_potato":172,"minecraft:cauldron":4,"minecraft:cobblestone_slab":806,"minecraft:deepslate_bricks":2,"minecraft:salmon":1,"minecraft:oak_slab":13,"minecraft:crafting_table":21,"minecraft:red_bed":3,"minecraft:white_bed":20,"minecraft:smoker":3,"minecraft:oak_log":3,"minecraft:diamond_pickaxe":301,"minecraft:diamond_shovel":565,"minecraft:oak_button":7,"minecraft:iron_pickaxe":5811,"minecraft:map":1,"minecraft:acacia_fence_gate":10,"minecraft:stone_axe":612,"minecraft:cobblestone":1675,"minecraft:cobbled_deepslate_slab":3,"minecraft:cooked_porkchop":1,"minecraft:bucket":415,"minecraft:splash_potion":2},"minecraft:crafted":{"minecraft:grindstone":1,"minecraft:oak_planks":768,"minecraft:cobblestone_slab":792,"minecraft:barrel":4,"minecraft:oak_sign":12,"minecraft:blaze_powder":14,"minecraft:cooked_chicken":1,"minecraft:stone":3,"minecraft:diamond_shovel":1,"minecraft:bookshelf":31,"minecraft:cooked_mutton":13,"minecraft:glass":33,"minecraft:hopper":5,"minecraft:bow":13,"minecraft:iron_boots":11,"minecraft:chest":54,"minecraft:oak_button":7,"minecraft:acacia_fence":111,"minecraft:stone_hoe":4,"minecraft:smoker":3,"minecraft:glass_bottle":9,"minecraft:oak_slab":18,"minecraft:emerald":9,"minecraft:cauldron":2,"minecraft:cooked_porkchop":5,"minecraft:crafting_table":12,"minecraft:acacia_slab":198,"minecraft:wooden_pickaxe":2,"minecraft:baked_potato":214,"minecraft:iron_helmet":9,"minecraft:copper_ingot":40,"minecraft:birch_planks":132,"minecraft:charcoal":180,"minecraft:iron_chestplate":10,"minecraft:book":91,"minecraft:paper":267,"minecraft:diamond_pickaxe":2,"minecraft:shield":3,"minecraft:stick":880,"minecraft:stone_slab":6,"minecraft:iron_ingot":341,"minecraft:iron_pickaxe":34,"minecraft:iron_block":3,"minecraft:stone_sword":6,"minecraft:gold_ingot":111,"minecraft:composter":2,"minecraft:deepslate_bricks":4,"minecraft:polished_andesite":104,"minecraft:cobbled_deepslate_slab":6,"minecraft:oak_door":3,"minecraft:raw_iron":27,"minecraft:stone_shovel":5,"minecraft:furnace":7,"minecraft:acacia_fence_gate":10,"minecraft:bone_meal":120,"minecraft:oak_trapdoor":4,"minecraft:flint_and_steel":1,"minecraft:polished_diorite":500,"minecraft:polished_deepslate":8,"minecraft:iron_axe":7,"minecraft:ladder":3,"minecraft:stone_pickaxe":32,"minecraft:wheat":902,"minecraft:cooked_beef":48,"minecraft:crimson_planks":20,"minecraft:diamond_sword":1,"minecraft:enchanting_table":1,"minecraft:iron_sword":15,"minecraft:acacia_trapdoor":8,"minecraft:cooked_salmon":1,"minecraft:polished_granite":348,"minecraft:acacia_stairs":4,"minecraft:bucket":7,"minecraft:stone_axe":6,"minecraft:bread":406,"minecraft:air":0,"minecraft:acacia_boat":4,"minecraft:oak_boat":1,"minecraft:birch_trapdoor":76,"minecraft:iron_shovel":8,"minecraft:iron_leggings":18,"minecraft:anvil":1,"minecraft:white_bed":5,"minecraft:acacia_planks":1076,"minecraft:torch":1356},"minecraft:killed":{"minecraft:cave_spider":8,"minecraft:zombified_piglin":11,"minecraft:witch":8,"minecraft:spider":20,"minecraft:skeleton":697,"minecraft:chicken":66,"minecraft:tropical_fish":1,"minecraft:magma_cube":4,"minecraft:piglin":2,"minecraft:pig":2,"minecraft:zombie_villager":13,"minecraft:salmon":2,"minecraft:creeper":657,"minecraft:sheep":23,"minecraft:trader_llama":2,"minecraft:zombie":711,"minecraft:blaze":13,"minecraft:cow":131,"minecraft:slime":19,"minecraft:drowned":1,"minecraft:bat":2,"minecraft:wandering_trader":1,"minecraft:hoglin":2,"minecraft:wither_skeleton":4,"minecraft:villager":1,"minecraft:enderman":4},"minecraft:mined":{"minecraft:white_bed":13,"minecraft:farmland":24,"minecraft:brewing_stand":4,"minecraft:obsidian":2,"minecraft:granite":427,"minecraft:budding_amethyst":9,"minecraft:red_sand":1,"minecraft:acacia_log":286,"minecraft:grass_block":1880,"minecraft:polished_diorite":8,"minecraft:chiseled_tuff_bricks":1,"minecraft:crimson_fungus":3,"minecraft:composter":2,"minecraft:hopper":13,"minecraft:oak_wall_sign":1,"minecraft:nether_wart":10,"minecraft:tuff_bricks":14,"minecraft:spawner":5,"minecraft:tall_seagrass":2,"minecraft:weeping_vines_plant":2,"minecraft:raw_iron_block":3,"minecraft:glowstone":50,"minecraft:cobbled_deepslate":178,"minecraft:barrel":5,"minecraft:iron_ore":213,"minecraft:fire":20,"minecraft:pumpkin":2,"minecraft:deepslate_lapis_ore":27,"minecraft:enchanting_table":2,"minecraft:pointed_dripstone":7,"minecraft:dirt_path":288,"minecraft:orange_bed":5,"minecraft:deepslate_redstone_ore":45,"minecraft:red_bed":2,"minecraft:blackstone":4,"minecraft:melon_stem":3,"minecraft:crimson_nylium":22,"minecraft:torch":42,"minecraft:calcite":139,"minecraft:chest":37,"minecraft:dead_bush":5,"minecraft:nether_quartz_ore":65,"minecraft:glass":12,"minecraft:cobblestone":296,"minecraft:grindstone":1,"minecraft:sugar_cane":484,"minecraft:oak_planks":14,"minecraft:wall_torch":49,"minecraft:amethyst_block":139,"minecraft:cauldron":1,"minecraft:deepslate_copper_ore":6,"minecraft:chain":3,"minecraft:nether_wart_block":5,"minecraft:birch_log":92,"minecraft:wheat":919,"minecraft:birch_trapdoor":1,"minecraft:oak_log":448,"minecraft:acacia_fence":16,"minecraft:sand":62,"minecraft:dirt":777,"minecraft:smooth_basalt":133,"minecraft:netherrack":512,"minecraft:oak_leaves":141,"minecraft:deepslate":943,"minecraft:nether_gold_ore":54,"minecraft:red_carpet":1,"minecraft:tuff":139,"minecraft:deepslate_diamond_ore":65,"minecraft:oak_door":6,"minecraft:glow_lichen":6,"minecraft:nether_bricks":2,"minecraft:crimson_roots":23,"minecraft:redstone_wire":14,"minecraft:red_mushroom":10,"minecraft:acacia_slab":102,"minecraft:sandstone":6,"minecraft:crimson_stem":12,"minecraft:hay_block":86,"minecraft:oak_trapdoor":2,"minecraft:furnace":12,"minecraft:carrots":491,"minecraft:acacia_trapdoor":9,"minecraft:andesite":68,"minecraft:bell":3,"minecraft:nether_brick_fence":2,"minecraft:polished_deepslate":1,"minecraft:shroomlight":4,"minecraft:bookshelf":14,"minecraft:potatoes":426,"minecraft:cobblestone_slab":50,"minecraft:deepslate_iron_ore":212,"minecraft:rail":74,"minecraft:stripped_oak_log":1,"minecraft:stone":2379,"minecraft:oak_slab":7,"minecraft:acacia_leaves":50,"minecraft:soul_sand":20,"minecraft:basalt":39,"minecraft:crafting_table":13,"minecraft:short_grass":1285,"minecraft:tall_grass":94,"minecraft:copper_ore":58,"minecraft:deepslate_gold_ore":178,"minecraft:lapis_ore":15,"minecraft:diorite":607,"minecraft:cactus":2,"minecraft:acacia_fence_gate":6,"minecraft:birch_leaves":7,"minecraft:coal_ore":432,"minecraft:dripstone_block":36,"minecraft:gravel":114,"minecraft:acacia_door":1,"minecraft:cobweb":101,"minecraft:acacia_planks":17,"minecraft:oak_button":1,"minecraft:gold_ore":11},"minecraft:custom":{"minecraft:animals_bred":227,"minecraft:interact_with_crafting_table":211,"minecraft:open_barrel":30,"minecraft:bell_ring":62,"minecraft:leave_game":23,"minecraft:time_since_death":230113,"minecraft:sprint_one_cm":4289578,"minecraft:damage_blocked_by_shield":1800,"minecraft:drop":1574,"minecraft:talked_to_villager":76,"minecraft:play_time":2055212,"minecraft:deaths":49,"minecraft:jump":22333,"minecraft:interact_with_brewingstand":39,"minecraft:walk_on_water_one_cm":286660,"minecraft:enchant_item":34,"minecraft:interact_with_furnace":366,"minecraft:traded_with_villager":9,"minecraft:interact_with_cartography_table":2,"minecraft:sleep_in_bed":103,"minecraft:damage_dealt":91869,"minecraft:player_kills":2,"minecraft:crouch_one_cm":207702,"minecraft:interact_with_smoker":44,"minecraft:use_cauldron":27,"minecraft:horse_one_cm":2796,"minecraft:mob_kills":2421,"minecraft:interact_with_anvil":22,"minecraft:inspect_hopper":17,"minecraft:climb_one_cm":10746,"minecraft:walk_one_cm":4077859,"minecraft:sneak_time":65540,"minecraft:walk_under_water_one_cm":294513,"minecraft:boat_one_cm":579631,"minecraft:total_world_time":2055212,"minecraft:interact_with_grindstone":4,"minecraft:time_since_rest":127864,"minecraft:damage_taken":34462,"minecraft:swim_one_cm":684026,"minecraft:fly_one_cm":4388687,"minecraft:open_chest":1816,"minecraft:fall_one_cm":485049}},"DataVersion":3953}