{"stats":{"minecraft:killed_by":{"minecraft:zombified_piglin":4,"minecraft:creeper":5,"minecraft:zombie":9,"minecraft:player":6,"minecraft:enderman":1,"minecraft:iron_golem":1,"minecraft:hoglin":1,"minecraft:skeleton":12},"minecraft:mined":{"minecraft:white_bed":20,"minecraft:farmland":24,"minecraft:brewing_stand":4,"minecraft:obsidian":2,"minecraft:granite":427,"minecraft:budding_amethyst":9,"minecraft:red_sand":1,"minecraft:acacia_log":286,"minecraft:grass_block":3166,"minecraft:polished_diorite":26,"minecraft:chiseled_tuff_bricks":1,"minecraft:hopper":14,"minecraft:composter":2,"minecraft:crimson_fungus":3,"minecraft:oak_wall_sign":5,"minecraft:nether_wart":30,"minecraft:tuff_bricks":14,"minecraft:spawner":5,"minecraft:tall_seagrass":3,"minecraft:weeping_vines_plant":2,"minecraft:raw_iron_block":3,"minecraft:glowstone":50,"minecraft:barrel":6,"minecraft:iron_ore":213,"minecraft:cobbled_deepslate":198,"minecraft:fire":20,"minecraft:pumpkin":2,"minecraft:deepslate_lapis_ore":27,"minecraft:enchanting_table":2,"minecraft:pointed_dripstone":7,"minecraft:oak_sign":1,"minecraft:dirt_path":378,"minecraft:orange_bed":5,"minecraft:deepslate_redstone_ore":45,"minecraft:red_bed":4,"minecraft:blackstone":4,"minecraft:melon_stem":3,"minecraft:crimson_nylium":22,"minecraft:clay":9,"minecraft:torch":54,"minecraft:calcite":139,"minecraft:chest":37,"minecraft:dead_bush":5,"minecraft:nether_quartz_ore":65,"minecraft:glass":12,"minecraft:cobblestone":296,"minecraft:grindstone":1,"minecraft:sugar_cane":526,"minecraft:oak_planks":14,"minecraft:wall_torch":82,"minecraft:amethyst_block":147,"minecraft:cauldron":1,"minecraft:deepslate_copper_ore":6,"minecraft:chain":3,"minecraft:nether_wart_block":5,"minecraft:birch_log":92,"minecraft:wheat":919,"minecraft:birch_trapdoor":1,"minecraft:oak_log":457,"minecraft:acacia_fence":113,"minecraft:sand":97,"minecraft:dirt":1337,"minecraft:smooth_basalt":133,"minecraft:netherrack":512,"minecraft:oak_leaves":155,"minecraft:deepslate":943,"minecraft:nether_gold_ore":54,"minecraft:tuff":139,"minecraft:red_carpet":1,"minecraft:deepslate_diamond_ore":65,"minecraft:oak_door":7,"minecraft:glow_lichen":6,"minecraft:nether_bricks":2,"minecraft:cobbled_deepslate_slab":5,"minecraft:crimson_roots":23,"minecraft:redstone_wire":14,"minecraft:acacia_slab":130,"minecraft:red_mushroom":10,"minecraft:sandstone":6,"minecraft:crimson_stem":12,"minecraft:hay_block":86,"minecraft:oak_trapdoor":2,"minecraft:furnace":12,"minecraft:carrots":491,"minecraft:acacia_trapdoor":9,"minecraft:andesite":69,"minecraft:bell":3,"minecraft:nether_brick_fence":2,"minecraft:polished_deepslate":1,"minecraft:bookshelf":14,"minecraft:potatoes":426,"minecraft:cobblestone_slab":50,"minecraft:shroomlight":4,"minecraft:deepslate_iron_ore":212,"minecraft:rail":74,"minecraft:stripped_oak_log":1,"minecraft:stone":2397,"minecraft:oak_slab":7,"minecraft:acacia_leaves":53,"minecraft:soul_sand":21,"minecraft:basalt":39,"minecraft:crafting_table":14,"minecraft:short_grass":1400,"minecraft:tall_grass":110,"minecraft:copper_ore":58,"minecraft:deepslate_gold_ore":178,"minecraft:lapis_ore":15,"minecraft:diorite":607,"minecraft:cactus":2,"minecraft:acacia_fence_gate":14,"minecraft:birch_leaves":12,"minecraft:coal_ore":432,"minecraft:dripstone_block":36,"minecraft:gravel":124,"minecraft:acacia_door":1,"minecraft:cobweb":101,"minecraft:acacia_planks":94,"minecraft:oak_button":1,"minecraft:gold_ore":11},"minecraft:dropped":{"minecraft:acacia_boat":1,"minecraft:iron_sword":14,"minecraft:lapis_lazuli":128,"minecraft:oak_log":77,"minecraft:glow_ink_sac":2,"minecraft:baked_potato":222,"minecraft:crafting_table":1,"minecraft:glow_berries":2,"minecraft:leather":1,"minecraft:leather_helmet":6,"minecraft:red_mushroom":10,"minecraft:dirt":109,"minecraft:crimson_roots":1,"minecraft:bone_meal":17,"minecraft:gold_nugget":1,"minecraft:sugar":2,"minecraft:iron_pickaxe":20,"minecraft:white_wool":1,"minecraft:gold_ingot":35,"minecraft:bone":23,"minecraft:oak_door":3,"minecraft:gravel":15,"minecraft:stone_axe":8,"minecraft:sugar_cane":21,"minecraft:cobbled_deepslate":162,"minecraft:chiseled_tuff_bricks":1,"minecraft:golden_chestplate":3,"minecraft:wheat":5,"minecraft:pointed_dripstone":1,"minecraft:rotten_flesh":728,"minecraft:oak_planks":13,"minecraft:cooked_mutton":16,"minecraft:white_bed":2,"minecraft:carrot":293,"minecraft:poppy":334,"minecraft:leather_chestplate":1,"minecraft:gunpowder":8,"minecraft:charcoal":24,"minecraft:melon_seeds":6,"minecraft:leather_boots":4,"minecraft:chainmail_boots":1,"minecraft:leather_leggings":2,"minecraft:arrow":48,"minecraft:beef":3,"minecraft:bread":164,"minecraft:polished_granite":356,"minecraft:netherrack":77,"minecraft:iron_ingot":14,"minecraft:oak_slab":11,"minecraft:stone_hoe":1,"minecraft:water_bucket":5,"minecraft:golden_boots":3,"minecraft:wheat_seeds":1800,"minecraft:golden_helmet":3,"minecraft:lead":2,"minecraft:book":8,"minecraft:cobblestone":267,"minecraft:iron_helmet":6,"minecraft:amethyst_block":29,"minecraft:granite":48,"minecraft:tropical_fish":1,"minecraft:acacia_trapdoor":2,"minecraft:chainmail_helmet":1,"minecraft:coal":57,"minecraft:polished_andesite":143,"minecraft:stick":148,"minecraft:lava_bucket":2,"minecraft:diorite":227,"minecraft:ink_sac":6,"minecraft:torch":637,"minecraft:iron_leggings":7,"minecraft:armadillo_scute":2,"minecraft:iron_axe":4,"minecraft:iron_shovel":1,"minecraft:string":8,"minecraft:acacia_planks":28,"minecraft:music_disc_cat":1,"minecraft:bucket":6,"minecraft:smooth_basalt":100,"minecraft:redstone":60,"minecraft:polished_diorite":498,"minecraft:tuff_bricks":14,"minecraft:stone_sword":20,"minecraft:tuff":35,"minecraft:stone_shovel":5,"minecraft:iron_boots":13,"minecraft:oak_sign":4,"minecraft:flint_and_steel":1,"minecraft:potato":3,"minecraft:shield":4,"minecraft:oak_button":1,"minecraft:diamond_pickaxe":8,"minecraft:iron_chestplate":12,"minecraft:golden_leggings":5,"minecraft:golden_sword":1,"minecraft:spider_eye":1,"minecraft:stripped_acacia_log":2,"minecraft:stone_pickaxe":34,"minecraft:bow":39,"minecraft:black_wool":3},"minecraft:custom":{"minecraft:animals_bred":229,"minecraft:interact_with_crafting_table":220,"minecraft:open_barrel":36,"minecraft:bell_ring":94,"minecraft:leave_game":28,"minecraft:time_since_death":93421,"minecraft:sprint_one_cm":4698411,"minecraft:damage_blocked_by_shield":1800,"minecraft:drop":1786,"minecraft:talked_to_villager":77,"minecraft:play_time":2265411,"minecraft:deaths":51,"minecraft:jump":24646,"minecraft:interact_with_brewingstand":42,"minecraft:walk_on_water_one_cm":316751,"minecraft:enchant_item":42,"minecraft:interact_with_furnace":366,"minecraft:traded_with_villager":9,"minecraft:interact_with_cartography_table":2,"minecraft:sleep_in_bed":112,"minecraft:damage_dealt":102616,"minecraft:player_kills":2,"minecraft:crouch_one_cm":216419,"minecraft:interact_with_smoker":44,"minecraft:use_cauldron":27,"minecraft:horse_one_cm":1685485,"minecraft:mob_kills":2752,"minecraft:interact_with_anvil":24,"minecraft:inspect_hopper":17,"minecraft:climb_one_cm":15143,"minecraft:walk_one_cm":4496098,"minecraft:sneak_time":68188,"minecraft:walk_under_water_one_cm":347871,"minecraft:boat_one_cm":588274,"minecraft:total_world_time":2265411,"minecraft:interact_with_grindstone":4,"minecraft:time_since_rest":4445,"minecraft:damage_taken":37042,"minecraft:swim_one_cm":808459,"minecraft:fly_one_cm":4889704,"minecraft:open_chest":1977,"minecraft:fall_one_cm":529766},"minecraft:crafted":{"minecraft:grindstone":1,"minecraft:oak_planks":812,"minecraft:cobblestone_slab":792,"minecraft:barrel":4,"minecraft:oak_sign":12,"minecraft:blaze_powder":14,"minecraft:cooked_chicken":1,"minecraft:stone":3,"minecraft:diamond_shovel":1,"minecraft:bookshelf":31,"minecraft:cooked_mutton":13,"minecraft:glass":33,"minecraft:hopper":5,"minecraft:bow":13,"minecraft:iron_boots":11,"minecraft:chest":57,"minecraft:acacia_fence":111,"minecraft:oak_button":7,"minecraft:stone_hoe":4,"minecraft:smoker":3,"minecraft:glass_bottle":9,"minecraft:oak_slab":18,"minecraft:emerald":9,"minecraft:cauldron":2,"minecraft:cooked_porkchop":5,"minecraft:crafting_table":13,"minecraft:acacia_slab":198,"minecraft:baked_potato":214,"minecraft:wooden_pickaxe":2,"minecraft:iron_helmet":9,"minecraft:copper_ingot":40,"minecraft:birch_planks":132,"minecraft:charcoal":180,"minecraft:book":91,"minecraft:iron_chestplate":10,"minecraft:paper":267,"minecraft:diamond_pickaxe":2,"minecraft:shield":3,"minecraft:stick":912,"minecraft:stone_slab":6,"minecraft:iron_ingot":341,"minecraft:iron_pickaxe":34,"minecraft:iron_block":3,"minecraft:stone_sword":7,"minecraft:gold_ingot":111,"minecraft:composter":2,"minecraft:deepslate_bricks":4,"minecraft:polished_andesite":104,"minecraft:cobbled_deepslate_slab":6,"minecraft:oak_door":3,"minecraft:raw_iron":27,"minecraft:stone_shovel":13,"minecraft:acacia_fence_gate":10,"minecraft:furnace":7,"minecraft:bone_meal":120,"minecraft:oak_trapdoor":4,"minecraft:flint_and_steel":1,"minecraft:polished_diorite":500,"minecraft:polished_deepslate":8,"minecraft:iron_axe":7,"minecraft:ladder":3,"minecraft:stone_pickaxe":32,"minecraft:wheat":902,"minecraft:cooked_beef":48,"minecraft:crimson_planks":20,"minecraft:diamond_sword":1,"minecraft:enchanting_table":1,"minecraft:iron_sword":21,"minecraft:acacia_trapdoor":8,"minecraft:cooked_salmon":1,"minecraft:polished_granite":348,"minecraft:acacia_stairs":4,"minecraft:bucket":7,"minecraft:stone_axe":6,"minecraft:bread":406,"minecraft:air":0,"minecraft:acacia_boat":5,"minecraft:oak_boat":1,"minecraft:birch_trapdoor":76,"minecraft:iron_shovel":8,"minecraft:iron_leggings":18,"minecraft:anvil":1,"minecraft:white_bed":5,"minecraft:acacia_planks":1076,"minecraft:torch":1356},"minecraft:picked_up":{"minecraft:iron_chestplate":39,"minecraft:wheat":1136,"minecraft:chainmail_boots":2,"minecraft:nether_brick_fence":1,"minecraft:lead":20,"minecraft:enchanted_book":22,"minecraft:nether_brick":21,"minecraft:brewing_stand":7,"minecraft:golden_sword":5,"minecraft:amethyst_block":179,"minecraft:polished_deepslate":3,"minecraft:music_disc_cat":5,"minecraft:string":432,"minecraft:raw_copper":542,"minecraft:cooked_salmon":2,"minecraft:iron_leggings":23,"minecraft:shroomlight":3,"minecraft:oak_sign":23,"minecraft:activator_rail":24,"minecraft:red_sand":1,"minecraft:gold_nugget":403,"minecraft:cobbled_deepslate":2343,"minecraft:bucket":21,"minecraft:acacia_fence_gate":18,"minecraft:cobblestone_slab":554,"minecraft:calcite":136,"minecraft:iron_pickaxe":65,"minecraft:enchanted_golden_apple":3,"minecraft:iron_boots":43,"minecraft:furnace":12,"minecraft:golden_helmet":5,"minecraft:stick":531,"minecraft:acacia_fence":142,"minecraft:birch_trapdoor":5,"minecraft:composter":6,"minecraft:torch":1977,"minecraft:acacia_log":346,"minecraft:porkchop":17,"minecraft:pointed_dripstone":77,"minecraft:diorite":837,"minecraft:golden_chestplate":11,"minecraft:cauldron":2,"minecraft:orange_bed":6,"minecraft:stone_sword":41,"minecraft:cactus":5,"minecraft:rotten_flesh":474,"minecraft:tropical_fish":1,"minecraft:armadillo_scute":10,"minecraft:glowstone":5,"minecraft:bookshelf":3,"minecraft:blaze_rod":8,"minecraft:obsidian":23,"minecraft:cobblestone":4991,"minecraft:birch_log":166,"minecraft:enchanting_table":2,"minecraft:leather_chestplate":2,"minecraft:feather":166,"minecraft:cooked_beef":97,"minecraft:water_bucket":27,"minecraft:andesite":182,"minecraft:golden_leggings":2,"minecraft:potato":1439,"minecraft:flint":35,"minecraft:tuff":187,"minecraft:acacia_boat":34,"minecraft:map":4,"minecraft:lapis_lazuli":791,"minecraft:dirt":6342,"minecraft:polished_granite":11,"minecraft:name_tag":26,"minecraft:leather_boots":4,"minecraft:bone":405,"minecraft:acacia_planks":253,"minecraft:bow":55,"minecraft:wheat_seeds":4080,"minecraft:raw_gold":427,"minecraft:cobbled_deepslate_slab":14,"minecraft:bell":8,"minecraft:grindstone":3,"minecraft:glowstone_dust":212,"minecraft:powered_rail":9,"minecraft:stone_hoe":5,"minecraft:oak_planks":354,"minecraft:poisonous_potato":9,"minecraft:sand":104,"minecraft:ink_sac":32,"minecraft:grass_block":1,"minecraft:acacia_stairs":4,"minecraft:spectral_arrow":54,"minecraft:barrel":6,"minecraft:stripped_acacia_log":4,"minecraft:polished_andesite":123,"minecraft:sugar":9,"minecraft:diamond":278,"minecraft:granite":501,"minecraft:bone_meal":1,"minecraft:golden_apple":9,"minecraft:emerald":18,"minecraft:golden_horse_armor":2,"minecraft:bread":662,"minecraft:chainmail_helmet":1,"minecraft:oak_sapling":151,"minecraft:netherrack":625,"minecraft:crimson_roots":23,"minecraft:diamond_pickaxe":14,"minecraft:charcoal":128,"minecraft:crafting_table":15,"minecraft:splash_potion":3,"minecraft:chicken":138,"minecraft:nether_wart":118,"minecraft:clay_ball":36,"minecraft:leather_leggings":2,"minecraft:chest_minecart":4,"minecraft:chain":8,"minecraft:shield":10,"minecraft:red_bed":6,"minecraft:oak_trapdoor":2,"minecraft:iron_axe":10,"minecraft:acacia_door":1,"minecraft:flint_and_steel":11,"minecraft:iron_shovel":11,"minecraft:birch_fence":15,"minecraft:blackstone":66,"minecraft:detector_rail":9,"minecraft:beef":321,"minecraft:oak_boat":2,"minecraft:iron_nugget":19,"minecraft:poppy":287,"minecraft:chest":45,"minecraft:sugar_cane":1285,"minecraft:birch_sapling":3,"minecraft:egg":206,"minecraft:raw_iron":595,"minecraft:sandstone":6,"minecraft:oak_door":11,"minecraft:copper_ingot":64,"minecraft:fire_charge":9,"minecraft:carrot":1910,"minecraft:redstone":628,"minecraft:iron_horse_armor":4,"minecraft:weeping_vines":3,"minecraft:arrow":525,"minecraft:stone_shovel":17,"minecraft:beetroot_seeds":9,"minecraft:nether_bricks":2,"minecraft:deepslate_bricks":2,"minecraft:hay_block":86,"minecraft:saddle":4,"minecraft:gold_ingot":88,"minecraft:tuff_bricks":14,"minecraft:glow_berries":11,"minecraft:mutton":65,"minecraft:white_wool":25,"minecraft:rail":176,"minecraft:stripped_oak_log":2,"minecraft:basalt":34,"minecraft:glow_ink_sac":2,"minecraft:crimson_stem":12,"minecraft:salmon":3,"minecraft:leather":208,"minecraft:red_mushroom":10,"minecraft:crimson_fungus":3,"minecraft:oak_log":840,"minecraft:golden_boots":6,"minecraft:nether_wart_block":5,"minecraft:gunpowder":272,"minecraft:cooked_mutton":15,"minecraft:apple":25,"minecraft:acacia_trapdoor":11,"minecraft:iron_ingot":643,"minecraft:stone_pickaxe":57,"minecraft:cooked_chicken":2,"minecraft:glass_bottle":3,"minecraft:iron_sword":33,"minecraft:acacia_sapling":9,"minecraft:soul_sand":47,"minecraft:book":113,"minecraft:oak_slab":14,"minecraft:smooth_basalt":177,"minecraft:pumpkin":2,"minecraft:quartz":155,"minecraft:raw_iron_block":6,"minecraft:dripstone_block":65,"minecraft:gravel":298,"minecraft:lava_bucket":16,"minecraft:amethyst_shard":26,"minecraft:white_bed":24,"minecraft:spider_eye":20,"minecraft:diamond_shovel":1,"minecraft:pumpkin_seeds":34,"minecraft:slime_ball":26,"minecraft:polished_diorite":122,"minecraft:stone_axe":7,"minecraft:rib_armor_trim_smithing_template":1,"minecraft:iron_helmet":21,"minecraft:oak_button":7,"minecraft:baked_potato":1295,"minecraft:melon_seeds":26,"minecraft:acacia_slab":286,"minecraft:black_wool":5,"minecraft:coal":845,"minecraft:chiseled_tuff_bricks":1,"minecraft:hopper":14,"minecraft:ender_pearl":19},"minecraft:broken":{"minecraft:iron_shovel":7,"minecraft:stone_pickaxe":13,"minecraft:diamond_shovel":1,"minecraft:stone_axe":4,"minecraft:iron_sword":8,"minecraft:stone_shovel":8,"minecraft:iron_hoe":1,"minecraft:stone_sword":5,"minecraft:wooden_pickaxe":1,"minecraft:stone_hoe":1,"minecraft:iron_axe":3,"minecraft:iron_pickaxe":21},"minecraft:killed":{"minecraft:cave_spider":8,"minecraft:zombified_piglin":13,"minecraft:witch":10,"minecraft:spider":23,"minecraft:skeleton":800,"minecraft:chicken":82,"minecraft:tropical_fish":1,"minecraft:magma_cube":4,"minecraft:piglin":2,"minecraft:pig":2,"minecraft:zombie_villager":13,"minecraft:salmon":2,"minecraft:creeper":749,"minecraft:sheep":23,"minecraft:trader_llama":2,"minecraft:zombie":797,"minecraft:blaze":13,"minecraft:cow":158,"minecraft:slime":19,"minecraft:drowned":1,"minecraft:bat":2,"minecraft:wandering_trader":1,"minecraft:hoglin":2,"minecraft:wither_skeleton":4,"minecraft:villager":1,"minecraft:enderman":4},"minecraft:used":{"minecraft:iron_shovel":2128,"minecraft:polished_deepslate":7,"minecraft:ladder":3,"minecraft:oak_sign":13,"minecraft:chest":81,"minecraft:shield":28,"minecraft:iron_sword":2642,"minecraft:nether_wart":41,"minecraft:bell":3,"minecraft:iron_chestplate":10,"minecraft:soul_sand":21,"minecraft:carrot":674,"minecraft:tuff":17,"minecraft:acacia_sapling":15,"minecraft:milk_bucket":1,"minecraft:glass":22,"minecraft:lava_bucket":94,"minecraft:birch_sapling":4,"minecraft:iron_helmet":3,"minecraft:birch_trapdoor":73,"minecraft:bow":117,"minecraft:furnace":16,"minecraft:oak_sapling":8,"minecraft:acacia_fence":167,"minecraft:egg":71,"minecraft:potato":524,"minecraft:diorite":7,"minecraft:acacia_trapdoor":9,"minecraft:stone_pickaxe":1983,"minecraft:oak_planks":6,"minecraft:blackstone":1,"minecraft:ender_pearl":2,"minecraft:wooden_pickaxe":69,"minecraft:sandstone":5,"minecraft:composter":2,"minecraft:sugar_cane":78,"minecraft:sand":4,"minecraft:dripstone_block":21,"minecraft:acacia_door":1,"minecraft:bread":224,"minecraft:gravel":8,"minecraft:fire_charge":1,"minecraft:grindstone":1,"minecraft:andesite":26,"minecraft:oak_boat":1,"minecraft:bone_meal":109,"minecraft:oak_trapdoor":6,"minecraft:stone_sword":874,"minecraft:acacia_log":17,"minecraft:enchanting_table":3,"minecraft:flint_and_steel":19,"minecraft:stone_shovel":1380,"minecraft:cooked_salmon":1,"minecraft:stone_hoe":284,"minecraft:netherrack":348,"minecraft:oak_door":9,"minecraft:orange_bed":5,"minecraft:torch":1248,"minecraft:brewing_stand":4,"minecraft:dirt":3233,"minecraft:anvil":1,"minecraft:wheat":1,"minecraft:hopper":18,"minecraft:golden_chestplate":1,"minecraft:granite":8,"minecraft:polished_diorite":46,"minecraft:iron_hoe":57,"minecraft:bookshelf":31,"minecraft:iron_axe":783,"minecraft:acacia_slab":138,"minecraft:iron_boots":5,"minecraft:crimson_planks":4,"minecraft:barrel":9,"minecraft:smooth_basalt":3,"minecraft:basalt":33,"minecraft:acacia_planks":94,"minecraft:cooked_beef":8,"minecraft:cobbled_deepslate":616,"minecraft:pumpkin":1,"minecraft:iron_leggings":3,"minecraft:pointed_dripstone":2,"minecraft:wheat_seeds":798,"minecraft:cooked_mutton":6,"minecraft:acacia_boat":30,"minecraft:water_bucket":374,"minecraft:amethyst_block":1,"minecraft:glass_bottle":9,"minecraft:polished_andesite":8,"minecraft:baked_potato":201,"minecraft:cauldron":4,"minecraft:cobblestone_slab":806,"minecraft:deepslate_bricks":2,"minecraft:salmon":1,"minecraft:oak_slab":13,"minecraft:crafting_table":24,"minecraft:red_bed":5,"minecraft:white_bed":27,"minecraft:smoker":3,"minecraft:oak_log":19,"minecraft:diamond_pickaxe":301,"minecraft:diamond_shovel":1591,"minecraft:oak_button":7,"minecraft:iron_pickaxe":5884,"minecraft:map":1,"minecraft:acacia_fence_gate":17,"minecraft:stone_axe":612,"minecraft:cobblestone":1675,"minecraft:cobbled_deepslate_slab":5,"minecraft:cooked_porkchop":1,"minecraft:bucket":480,"minecraft:splash_potion":6}},"DataVersion":3953}