{"stats":{"minecraft:mined":{"minecraft:grass":21,"minecraft:grass_block":5,"minecraft:oak_leaves":6,"minecraft:gravel":1},"minecraft:picked_up":{"minecraft:flint":1,"minecraft:wheat_seeds":2,"minecraft:dirt":5},"minecraft:custom":{"minecraft:jump":14,"minecraft:time_since_rest":2358,"minecraft:leave_game":2,"minecraft:play_time":2358,"minecraft:sprint_one_cm":8730,"minecraft:walk_on_water_one_cm":308,"minecraft:time_since_death":2358,"minecraft:walk_one_cm":4287,"minecraft:sneak_time":8,"minecraft:total_world_time":2358,"minecraft:walk_under_water_one_cm":551,"minecraft:swim_one_cm":3745,"minecraft:fly_one_cm":2043}},"DataVersion":3465}