{"stats":{"minecraft:killed_by":{"minecraft:zombie":8,"minecraft:player":3,"minecraft:enderman":1,"minecraft:skeleton":7},"minecraft:picked_up":{"minecraft:iron_chestplate":13,"minecraft:wheat":544,"minecraft:chainmail_boots":1,"minecraft:lead":2,"minecraft:enchanted_book":3,"minecraft:brewing_stand":2,"minecraft:amethyst_block":164,"minecraft:polished_deepslate":3,"minecraft:music_disc_cat":4,"minecraft:string":327,"minecraft:raw_copper":207,"minecraft:iron_leggings":6,"minecraft:activator_rail":12,"minecraft:red_sand":1,"minecraft:cobbled_deepslate":782,"minecraft:bucket":8,"minecraft:acacia_fence_gate":5,"minecraft:cobblestone_slab":406,"minecraft:calcite":136,"minecraft:iron_pickaxe":22,"minecraft:enchanted_golden_apple":2,"minecraft:furnace":5,"minecraft:iron_boots":13,"minecraft:stick":82,"minecraft:acacia_fence":10,"minecraft:birch_trapdoor":1,"minecraft:torch":856,"minecraft:acacia_log":178,"minecraft:porkchop":5,"minecraft:pointed_dripstone":40,"minecraft:diorite":754,"minecraft:golden_chestplate":4,"minecraft:cauldron":1,"minecraft:orange_bed":5,"minecraft:stone_sword":8,"minecraft:cactus":5,"minecraft:rotten_flesh":113,"minecraft:armadillo_scute":6,"minecraft:cobblestone":3494,"minecraft:birch_log":72,"minecraft:enchanting_table":1,"minecraft:cooked_beef":14,"minecraft:water_bucket":9,"minecraft:andesite":139,"minecraft:potato":69,"minecraft:flint":14,"minecraft:tuff":139,"minecraft:acacia_boat":20,"minecraft:dirt":1249,"minecraft:lapis_lazuli":275,"minecraft:polished_granite":11,"minecraft:name_tag":11,"minecraft:bone":150,"minecraft:acacia_planks":65,"minecraft:bow":10,"minecraft:wheat_seeds":1604,"minecraft:raw_gold":155,"minecraft:powered_rail":2,"minecraft:oak_planks":38,"minecraft:sand":38,"minecraft:ink_sac":7,"minecraft:grass_block":1,"minecraft:diamond":54,"minecraft:granite":469,"minecraft:golden_apple":5,"minecraft:golden_horse_armor":2,"minecraft:bread":512,"minecraft:oak_sapling":1,"minecraft:diamond_pickaxe":8,"minecraft:crafting_table":10,"minecraft:chest_minecart":2,"minecraft:chain":4,"minecraft:red_bed":1,"minecraft:iron_axe":4,"minecraft:flint_and_steel":2,"minecraft:iron_shovel":2,"minecraft:detector_rail":2,"minecraft:beef":19,"minecraft:chest":11,"minecraft:sugar_cane":521,"minecraft:egg":9,"minecraft:raw_iron":573,"minecraft:sandstone":6,"minecraft:oak_door":6,"minecraft:carrot":343,"minecraft:redstone":377,"minecraft:iron_horse_armor":2,"minecraft:arrow":63,"minecraft:beetroot_seeds":4,"minecraft:deepslate_bricks":2,"minecraft:hay_block":65,"minecraft:saddle":1,"minecraft:gold_ingot":3,"minecraft:mutton":33,"minecraft:glow_berries":3,"minecraft:rail":93,"minecraft:white_wool":21,"minecraft:salmon":2,"minecraft:leather":8,"minecraft:oak_log":65,"minecraft:gunpowder":42,"minecraft:cooked_mutton":7,"minecraft:apple":1,"minecraft:acacia_trapdoor":5,"minecraft:iron_ingot":9,"minecraft:stone_pickaxe":26,"minecraft:iron_sword":17,"minecraft:acacia_sapling":9,"minecraft:book":24,"minecraft:smooth_basalt":177,"minecraft:pumpkin":2,"minecraft:raw_iron_block":6,"minecraft:dripstone_block":51,"minecraft:gravel":86,"minecraft:amethyst_shard":10,"minecraft:white_bed":5,"minecraft:spider_eye":10,"minecraft:pumpkin_seeds":26,"minecraft:slime_ball":11,"minecraft:stone_axe":4,"minecraft:polished_diorite":7,"minecraft:black_wool":4,"minecraft:acacia_slab":104,"minecraft:melon_seeds":24,"minecraft:coal":550,"minecraft:ender_pearl":1},"minecraft:broken":{"minecraft:iron_shovel":3,"minecraft:stone_pickaxe":12,"minecraft:stone_axe":2,"minecraft:iron_sword":1,"minecraft:stone_sword":1,"minecraft:wooden_pickaxe":1,"minecraft:iron_pickaxe":15},"minecraft:dropped":{"minecraft:acacia_boat":1,"minecraft:iron_sword":8,"minecraft:crafting_table":1,"minecraft:bone_meal":17,"minecraft:iron_pickaxe":8,"minecraft:oak_door":3,"minecraft:gravel":3,"minecraft:stone_axe":1,"minecraft:sugar_cane":11,"minecraft:cobbled_deepslate":71,"minecraft:wheat":4,"minecraft:rotten_flesh":3,"minecraft:cooked_mutton":9,"minecraft:white_bed":2,"minecraft:carrot":99,"minecraft:melon_seeds":6,"minecraft:chainmail_boots":1,"minecraft:arrow":1,"minecraft:polished_granite":356,"minecraft:water_bucket":2,"minecraft:bread":164,"minecraft:wheat_seeds":45,"minecraft:iron_helmet":2,"minecraft:cobblestone":83,"minecraft:amethyst_block":29,"minecraft:granite":34,"minecraft:stick":9,"minecraft:polished_andesite":102,"minecraft:diorite":201,"minecraft:torch":304,"minecraft:iron_leggings":2,"minecraft:armadillo_scute":2,"minecraft:bucket":1,"minecraft:acacia_planks":16,"minecraft:smooth_basalt":100,"minecraft:polished_diorite":496,"minecraft:stone_sword":7,"minecraft:tuff":3,"minecraft:iron_boots":5,"minecraft:diamond_pickaxe":8,"minecraft:iron_chestplate":7,"minecraft:bow":1,"minecraft:stone_pickaxe":21,"minecraft:black_wool":3},"minecraft:used":{"minecraft:iron_shovel":1248,"minecraft:polished_deepslate":7,"minecraft:chest":17,"minecraft:iron_sword":808,"minecraft:iron_chestplate":4,"minecraft:carrot":255,"minecraft:tuff":17,"minecraft:glass":22,"minecraft:lava_bucket":20,"minecraft:birch_trapdoor":73,"minecraft:bow":2,"minecraft:furnace":12,"minecraft:acacia_fence":88,"minecraft:egg":9,"minecraft:potato":78,"minecraft:diorite":7,"minecraft:acacia_trapdoor":9,"minecraft:stone_pickaxe":1677,"minecraft:oak_planks":1,"minecraft:wooden_pickaxe":64,"minecraft:sandstone":5,"minecraft:composter":2,"minecraft:sugar_cane":56,"minecraft:sand":4,"minecraft:dripstone_block":21,"minecraft:bread":165,"minecraft:gravel":5,"minecraft:andesite":26,"minecraft:bone_meal":109,"minecraft:enchanting_table":2,"minecraft:stone_sword":227,"minecraft:acacia_log":17,"minecraft:flint_and_steel":1,"minecraft:cooked_salmon":1,"minecraft:stone_hoe":142,"minecraft:oak_door":6,"minecraft:orange_bed":4,"minecraft:torch":828,"minecraft:dirt":488,"minecraft:anvil":1,"minecraft:golden_chestplate":1,"minecraft:granite":8,"minecraft:polished_diorite":8,"minecraft:iron_axe":72,"minecraft:acacia_slab":138,"minecraft:iron_boots":3,"minecraft:smooth_basalt":3,"minecraft:cobbled_deepslate":196,"minecraft:cooked_beef":7,"minecraft:acacia_planks":94,"minecraft:pumpkin":1,"minecraft:iron_leggings":1,"minecraft:pointed_dripstone":2,"minecraft:wheat_seeds":431,"minecraft:cooked_mutton":5,"minecraft:acacia_boat":20,"minecraft:water_bucket":191,"minecraft:polished_andesite":2,"minecraft:cauldron":3,"minecraft:cobblestone_slab":797,"minecraft:deepslate_bricks":2,"minecraft:salmon":1,"minecraft:crafting_table":12,"minecraft:red_bed":1,"minecraft:white_bed":8,"minecraft:iron_pickaxe":4207,"minecraft:acacia_fence_gate":9,"minecraft:stone_axe":319,"minecraft:cobblestone":1603,"minecraft:cooked_porkchop":1,"minecraft:bucket":214},"minecraft:crafted":{"minecraft:oak_planks":300,"minecraft:cobblestone_slab":780,"minecraft:cooked_mutton":13,"minecraft:glass":28,"minecraft:iron_boots":6,"minecraft:chest":14,"minecraft:acacia_fence":108,"minecraft:stone_hoe":4,"minecraft:emerald":3,"minecraft:cauldron":2,"minecraft:cooked_porkchop":5,"minecraft:crafting_table":6,"minecraft:acacia_slab":198,"minecraft:wooden_pickaxe":1,"minecraft:iron_helmet":4,"minecraft:copper_ingot":24,"minecraft:birch_planks":132,"minecraft:iron_chestplate":6,"minecraft:diamond_pickaxe":1,"minecraft:stick":680,"minecraft:iron_ingot":316,"minecraft:iron_pickaxe":22,"minecraft:iron_block":3,"minecraft:stone_sword":5,"minecraft:gold_ingot":16,"minecraft:composter":2,"minecraft:deepslate_bricks":4,"minecraft:polished_andesite":104,"minecraft:oak_door":3,"minecraft:raw_iron":27,"minecraft:furnace":7,"minecraft:acacia_fence_gate":9,"minecraft:bone_meal":120,"minecraft:flint_and_steel":1,"minecraft:polished_diorite":500,"minecraft:polished_deepslate":8,"minecraft:iron_axe":2,"minecraft:stone_pickaxe":26,"minecraft:wheat":713,"minecraft:cooked_beef":22,"minecraft:diamond_sword":1,"minecraft:enchanting_table":1,"minecraft:iron_sword":7,"minecraft:acacia_trapdoor":8,"minecraft:cooked_salmon":1,"minecraft:polished_granite":348,"minecraft:bucket":2,"minecraft:acacia_stairs":4,"minecraft:stone_axe":2,"minecraft:acacia_boat":4,"minecraft:bread":406,"minecraft:air":0,"minecraft:birch_trapdoor":76,"minecraft:iron_shovel":5,"minecraft:iron_leggings":4,"minecraft:anvil":1,"minecraft:white_bed":5,"minecraft:acacia_planks":580,"minecraft:torch":1064},"minecraft:killed":{"minecraft:cave_spider":8,"minecraft:spider":15,"minecraft:skeleton":26,"minecraft:chicken":1,"minecraft:pig":2,"minecraft:salmon":1,"minecraft:creeper":7,"minecraft:sheep":22,"minecraft:trader_llama":2,"minecraft:zombie":57,"minecraft:cow":8,"minecraft:slime":11,"minecraft:bat":1,"minecraft:wandering_trader":1,"minecraft:villager":1,"minecraft:enderman":3},"minecraft:mined":{"minecraft:white_bed":2,"minecraft:farmland":2,"minecraft:brewing_stand":2,"minecraft:granite":414,"minecraft:budding_amethyst":9,"minecraft:acacia_log":173,"minecraft:red_sand":1,"minecraft:grass_block":997,"minecraft:polished_diorite":6,"minecraft:spawner":3,"minecraft:tall_seagrass":2,"minecraft:raw_iron_block":3,"minecraft:fire":1,"minecraft:iron_ore":195,"minecraft:cobbled_deepslate":1,"minecraft:pumpkin":2,"minecraft:deepslate_lapis_ore":26,"minecraft:enchanting_table":1,"minecraft:pointed_dripstone":7,"minecraft:dirt_path":10,"minecraft:orange_bed":4,"minecraft:deepslate_redstone_ore":45,"minecraft:melon_stem":3,"minecraft:torch":28,"minecraft:calcite":139,"minecraft:chest":5,"minecraft:dead_bush":4,"minecraft:glass":10,"minecraft:cobblestone":135,"minecraft:oak_planks":9,"minecraft:sugar_cane":272,"minecraft:wall_torch":42,"minecraft:amethyst_block":139,"minecraft:cauldron":1,"minecraft:deepslate_copper_ore":6,"minecraft:chain":3,"minecraft:birch_log":36,"minecraft:wheat":515,"minecraft:birch_trapdoor":1,"minecraft:oak_log":66,"minecraft:acacia_fence":12,"minecraft:sand":38,"minecraft:dirt":173,"minecraft:smooth_basalt":133,"minecraft:oak_leaves":34,"minecraft:deepslate":542,"minecraft:red_carpet":1,"minecraft:tuff":107,"minecraft:deepslate_diamond_ore":21,"minecraft:oak_door":6,"minecraft:glow_lichen":3,"minecraft:acacia_slab":98,"minecraft:sandstone":6,"minecraft:hay_block":65,"minecraft:furnace":5,"minecraft:carrots":132,"minecraft:acacia_trapdoor":5,"minecraft:andesite":68,"minecraft:polished_deepslate":1,"minecraft:bookshelf":8,"minecraft:potatoes":46,"minecraft:cobblestone_slab":42,"minecraft:deepslate_iron_ore":212,"minecraft:rail":74,"minecraft:stone":2150,"minecraft:acacia_leaves":28,"minecraft:crafting_table":8,"minecraft:short_grass":875,"minecraft:copper_ore":50,"minecraft:tall_grass":77,"minecraft:deepslate_gold_ore":86,"minecraft:lapis_ore":7,"minecraft:diorite":572,"minecraft:cactus":2,"minecraft:acacia_fence_gate":5,"minecraft:birch_leaves":1,"minecraft:coal_ore":396,"minecraft:gravel":95,"minecraft:dripstone_block":35,"minecraft:cobweb":101,"minecraft:acacia_planks":17,"minecraft:gold_ore":8},"minecraft:custom":{"minecraft:animals_bred":34,"minecraft:interact_with_crafting_table":125,"minecraft:open_barrel":6,"minecraft:bell_ring":6,"minecraft:leave_game":18,"minecraft:time_since_death":26245,"minecraft:sprint_one_cm":2100456,"minecraft:drop":413,"minecraft:talked_to_villager":41,"minecraft:play_time":973979,"minecraft:deaths":25,"minecraft:jump":11207,"minecraft:walk_on_water_one_cm":165242,"minecraft:enchant_item":8,"minecraft:interact_with_furnace":233,"minecraft:traded_with_villager":3,"minecraft:interact_with_cartography_table":2,"minecraft:sleep_in_bed":55,"minecraft:damage_dealt":25462,"minecraft:crouch_one_cm":122805,"minecraft:interact_with_smoker":1,"minecraft:use_cauldron":15,"minecraft:mob_kills":174,"minecraft:interact_with_anvil":8,"minecraft:climb_one_cm":80,"minecraft:walk_one_cm":2126519,"minecraft:sneak_time":38831,"minecraft:walk_under_water_one_cm":158410,"minecraft:boat_one_cm":439897,"minecraft:total_world_time":973979,"minecraft:interact_with_grindstone":1,"minecraft:time_since_rest":9217,"minecraft:damage_taken":16493,"minecraft:swim_one_cm":202842,"minecraft:fly_one_cm":2030548,"minecraft:open_chest":564,"minecraft:fall_one_cm":273301}},"DataVersion":3953}