{"stats":{"minecraft:killed_by":{"minecraft:zombified_piglin":4,"minecraft:creeper":4,"minecraft:zombie":9,"minecraft:player":6,"minecraft:enderman":1,"minecraft:iron_golem":1,"minecraft:hoglin":1,"minecraft:skeleton":11},"minecraft:picked_up":{"minecraft:iron_chestplate":35,"minecraft:wheat":1056,"minecraft:chainmail_boots":1,"minecraft:nether_brick_fence":1,"minecraft:lead":8,"minecraft:enchanted_book":22,"minecraft:nether_brick":21,"minecraft:brewing_stand":6,"minecraft:golden_sword":4,"minecraft:amethyst_block":164,"minecraft:polished_deepslate":3,"minecraft:music_disc_cat":5,"minecraft:string":419,"minecraft:raw_copper":542,"minecraft:cooked_salmon":2,"minecraft:iron_leggings":19,"minecraft:oak_sign":16,"minecraft:activator_rail":24,"minecraft:red_sand":1,"minecraft:gold_nugget":233,"minecraft:cobbled_deepslate":2243,"minecraft:bucket":20,"minecraft:acacia_fence_gate":10,"minecraft:cobblestone_slab":554,"minecraft:calcite":136,"minecraft:iron_pickaxe":58,"minecraft:enchanted_golden_apple":3,"minecraft:iron_boots":38,"minecraft:furnace":12,"minecraft:golden_helmet":3,"minecraft:stick":528,"minecraft:acacia_fence":44,"minecraft:birch_trapdoor":5,"minecraft:composter":6,"minecraft:torch":1812,"minecraft:acacia_log":346,"minecraft:porkchop":17,"minecraft:pointed_dripstone":77,"minecraft:diorite":837,"minecraft:golden_chestplate":10,"minecraft:cauldron":2,"minecraft:orange_bed":6,"minecraft:stone_sword":39,"minecraft:cactus":5,"minecraft:rotten_flesh":381,"minecraft:tropical_fish":1,"minecraft:armadillo_scute":10,"minecraft:glowstone":5,"minecraft:bookshelf":3,"minecraft:blaze_rod":1,"minecraft:obsidian":20,"minecraft:cobblestone":4968,"minecraft:birch_log":166,"minecraft:enchanting_table":2,"minecraft:feather":154,"minecraft:cooked_beef":97,"minecraft:water_bucket":25,"minecraft:andesite":181,"minecraft:golden_leggings":2,"minecraft:potato":1093,"minecraft:flint":33,"minecraft:tuff":187,"minecraft:acacia_boat":32,"minecraft:dirt":2761,"minecraft:map":4,"minecraft:lapis_lazuli":791,"minecraft:polished_granite":11,"minecraft:name_tag":26,"minecraft:leather_boots":1,"minecraft:bone":308,"minecraft:acacia_planks":176,"minecraft:bow":48,"minecraft:wheat_seeds":3772,"minecraft:raw_gold":427,"minecraft:cobbled_deepslate_slab":6,"minecraft:bell":8,"minecraft:grindstone":3,"minecraft:glowstone_dust":151,"minecraft:powered_rail":9,"minecraft:stone_hoe":5,"minecraft:oak_planks":354,"minecraft:poisonous_potato":9,"minecraft:sand":56,"minecraft:ink_sac":29,"minecraft:grass_block":1,"minecraft:acacia_stairs":4,"minecraft:spectral_arrow":54,"minecraft:barrel":5,"minecraft:stripped_acacia_log":4,"minecraft:polished_andesite":123,"minecraft:sugar":9,"minecraft:diamond":278,"minecraft:granite":501,"minecraft:bone_meal":1,"minecraft:golden_apple":9,"minecraft:emerald":18,"minecraft:golden_horse_armor":2,"minecraft:bread":662,"minecraft:oak_sapling":149,"minecraft:netherrack":331,"minecraft:crimson_roots":7,"minecraft:diamond_pickaxe":14,"minecraft:charcoal":90,"minecraft:crafting_table":14,"minecraft:splash_potion":3,"minecraft:chicken":117,"minecraft:leather_leggings":2,"minecraft:chest_minecart":4,"minecraft:chain":8,"minecraft:shield":9,"minecraft:red_bed":4,"minecraft:oak_trapdoor":2,"minecraft:iron_axe":10,"minecraft:acacia_door":1,"minecraft:flint_and_steel":10,"minecraft:birch_fence":15,"minecraft:iron_shovel":8,"minecraft:blackstone":63,"minecraft:detector_rail":9,"minecraft:beef":156,"minecraft:iron_nugget":19,"minecraft:poppy":9,"minecraft:chest":37,"minecraft:sugar_cane":1126,"minecraft:birch_sapling":2,"minecraft:egg":138,"minecraft:raw_iron":595,"minecraft:sandstone":6,"minecraft:oak_door":10,"minecraft:copper_ingot":64,"minecraft:fire_charge":9,"minecraft:carrot":1562,"minecraft:redstone":628,"minecraft:iron_horse_armor":2,"minecraft:weeping_vines":3,"minecraft:arrow":432,"minecraft:stone_shovel":13,"minecraft:beetroot_seeds":9,"minecraft:nether_bricks":2,"minecraft:deepslate_bricks":2,"minecraft:hay_block":86,"minecraft:saddle":1,"minecraft:gold_ingot":70,"minecraft:tuff_bricks":14,"minecraft:glow_berries":11,"minecraft:mutton":65,"minecraft:white_wool":25,"minecraft:rail":176,"minecraft:stripped_oak_log":2,"minecraft:basalt":1,"minecraft:glow_ink_sac":2,"minecraft:crimson_stem":6,"minecraft:salmon":3,"minecraft:leather":128,"minecraft:oak_log":831,"minecraft:golden_boots":3,"minecraft:nether_wart_block":1,"minecraft:gunpowder":188,"minecraft:cooked_mutton":15,"minecraft:apple":25,"minecraft:acacia_trapdoor":11,"minecraft:iron_ingot":192,"minecraft:stone_pickaxe":57,"minecraft:cooked_chicken":2,"minecraft:glass_bottle":3,"minecraft:acacia_sapling":9,"minecraft:iron_sword":30,"minecraft:soul_sand":26,"minecraft:book":97,"minecraft:oak_slab":14,"minecraft:smooth_basalt":177,"minecraft:pumpkin":2,"minecraft:quartz":129,"minecraft:raw_iron_block":6,"minecraft:dripstone_block":65,"minecraft:gravel":290,"minecraft:lava_bucket":13,"minecraft:amethyst_shard":26,"minecraft:white_bed":17,"minecraft:spider_eye":20,"minecraft:pumpkin_seeds":34,"minecraft:slime_ball":26,"minecraft:polished_diorite":104,"minecraft:stone_axe":7,"minecraft:iron_helmet":17,"minecraft:oak_button":1,"minecraft:baked_potato":1190,"minecraft:black_wool":5,"minecraft:acacia_slab":258,"minecraft:melon_seeds":26,"minecraft:coal":845,"minecraft:chiseled_tuff_bricks":1,"minecraft:hopper":8,"minecraft:ender_pearl":19},"minecraft:broken":{"minecraft:iron_shovel":3,"minecraft:stone_pickaxe":13,"minecraft:stone_axe":4,"minecraft:iron_sword":4,"minecraft:stone_shovel":1,"minecraft:iron_hoe":1,"minecraft:stone_sword":2,"minecraft:wooden_pickaxe":1,"minecraft:stone_hoe":1,"minecraft:iron_axe":2,"minecraft:iron_pickaxe":18},"minecraft:dropped":{"minecraft:acacia_boat":1,"minecraft:iron_sword":13,"minecraft:lapis_lazuli":128,"minecraft:oak_log":77,"minecraft:glow_ink_sac":2,"minecraft:baked_potato":222,"minecraft:crafting_table":1,"minecraft:glow_berries":2,"minecraft:dirt":108,"minecraft:crimson_roots":1,"minecraft:bone_meal":17,"minecraft:gold_nugget":1,"minecraft:iron_pickaxe":20,"minecraft:white_wool":1,"minecraft:gold_ingot":35,"minecraft:bone":19,"minecraft:oak_door":3,"minecraft:gravel":15,"minecraft:stone_axe":8,"minecraft:sugar_cane":20,"minecraft:cobbled_deepslate":162,"minecraft:chiseled_tuff_bricks":1,"minecraft:golden_chestplate":1,"minecraft:wheat":5,"minecraft:pointed_dripstone":1,"minecraft:rotten_flesh":16,"minecraft:oak_planks":13,"minecraft:cooked_mutton":16,"minecraft:white_bed":2,"minecraft:carrot":293,"minecraft:poppy":3,"minecraft:gunpowder":6,"minecraft:charcoal":24,"minecraft:melon_seeds":6,"minecraft:chainmail_boots":1,"minecraft:arrow":48,"minecraft:beef":3,"minecraft:polished_granite":356,"minecraft:netherrack":77,"minecraft:iron_ingot":8,"minecraft:stone_hoe":1,"minecraft:water_bucket":5,"minecraft:golden_boots":2,"minecraft:bread":164,"minecraft:oak_slab":3,"minecraft:wheat_seeds":1562,"minecraft:book":8,"minecraft:cobblestone":261,"minecraft:iron_helmet":6,"minecraft:amethyst_block":29,"minecraft:granite":48,"minecraft:tropical_fish":1,"minecraft:acacia_trapdoor":2,"minecraft:coal":57,"minecraft:polished_andesite":143,"minecraft:stick":134,"minecraft:lava_bucket":2,"minecraft:diorite":227,"minecraft:ink_sac":3,"minecraft:torch":637,"minecraft:iron_leggings":6,"minecraft:armadillo_scute":2,"minecraft:iron_axe":4,"minecraft:iron_shovel":1,"minecraft:string":4,"minecraft:acacia_planks":28,"minecraft:music_disc_cat":1,"minecraft:bucket":6,"minecraft:smooth_basalt":100,"minecraft:redstone":14,"minecraft:polished_diorite":498,"minecraft:tuff_bricks":14,"minecraft:stone_sword":20,"minecraft:tuff":35,"minecraft:stone_shovel":5,"minecraft:iron_boots":11,"minecraft:shield":4,"minecraft:oak_button":1,"minecraft:diamond_pickaxe":8,"minecraft:iron_chestplate":11,"minecraft:spider_eye":1,"minecraft:stripped_acacia_log":2,"minecraft:stone_pickaxe":34,"minecraft:bow":8,"minecraft:black_wool":3},"minecraft:used":{"minecraft:iron_shovel":1312,"minecraft:polished_deepslate":7,"minecraft:ladder":3,"minecraft:oak_sign":13,"minecraft:chest":75,"minecraft:shield":27,"minecraft:iron_sword":1757,"minecraft:bell":3,"minecraft:iron_chestplate":10,"minecraft:carrot":560,"minecraft:tuff":17,"minecraft:acacia_sapling":15,"minecraft:glass":22,"minecraft:lava_bucket":84,"minecraft:birch_sapling":3,"minecraft:iron_helmet":1,"minecraft:birch_trapdoor":73,"minecraft:bow":107,"minecraft:oak_sapling":6,"minecraft:furnace":16,"minecraft:acacia_fence":92,"minecraft:egg":64,"minecraft:potato":408,"minecraft:diorite":7,"minecraft:acacia_trapdoor":9,"minecraft:stone_pickaxe":1983,"minecraft:oak_planks":2,"minecraft:blackstone":1,"minecraft:ender_pearl":2,"minecraft:wooden_pickaxe":69,"minecraft:sandstone":5,"minecraft:composter":2,"minecraft:sugar_cane":78,"minecraft:sand":4,"minecraft:dripstone_block":21,"minecraft:acacia_door":1,"minecraft:bread":224,"minecraft:gravel":8,"minecraft:fire_charge":1,"minecraft:andesite":26,"minecraft:oak_boat":1,"minecraft:bone_meal":109,"minecraft:oak_trapdoor":6,"minecraft:acacia_log":17,"minecraft:enchanting_table":3,"minecraft:stone_sword":555,"minecraft:flint_and_steel":19,"minecraft:stone_shovel":444,"minecraft:cooked_salmon":1,"minecraft:stone_hoe":284,"minecraft:netherrack":116,"minecraft:oak_door":8,"minecraft:orange_bed":5,"minecraft:torch":1113,"minecraft:dirt":1165,"minecraft:anvil":1,"minecraft:wheat":1,"minecraft:hopper":13,"minecraft:golden_chestplate":1,"minecraft:granite":8,"minecraft:polished_diorite":8,"minecraft:iron_hoe":57,"minecraft:bookshelf":26,"minecraft:iron_axe":541,"minecraft:acacia_slab":138,"minecraft:iron_boots":5,"minecraft:crimson_planks":4,"minecraft:barrel":9,"minecraft:smooth_basalt":3,"minecraft:acacia_planks":94,"minecraft:cooked_beef":8,"minecraft:cobbled_deepslate":596,"minecraft:pumpkin":1,"minecraft:iron_leggings":3,"minecraft:pointed_dripstone":2,"minecraft:wheat_seeds":718,"minecraft:cooked_mutton":6,"minecraft:acacia_boat":29,"minecraft:water_bucket":292,"minecraft:polished_andesite":2,"minecraft:baked_potato":124,"minecraft:cauldron":4,"minecraft:cobblestone_slab":806,"minecraft:deepslate_bricks":2,"minecraft:salmon":1,"minecraft:oak_slab":12,"minecraft:crafting_table":21,"minecraft:red_bed":3,"minecraft:white_bed":20,"minecraft:smoker":3,"minecraft:oak_log":3,"minecraft:diamond_pickaxe":301,"minecraft:oak_button":7,"minecraft:iron_pickaxe":5284,"minecraft:map":1,"minecraft:acacia_fence_gate":10,"minecraft:stone_axe":612,"minecraft:cobblestone":1649,"minecraft:cobbled_deepslate_slab":3,"minecraft:cooked_porkchop":1,"minecraft:bucket":387},"minecraft:crafted":{"minecraft:oak_planks":652,"minecraft:cobblestone_slab":792,"minecraft:barrel":4,"minecraft:oak_sign":12,"minecraft:cooked_chicken":1,"minecraft:bookshelf":26,"minecraft:cooked_mutton":13,"minecraft:glass":28,"minecraft:hopper":5,"minecraft:iron_boots":11,"minecraft:chest":51,"minecraft:oak_button":7,"minecraft:acacia_fence":111,"minecraft:stone_hoe":4,"minecraft:smoker":3,"minecraft:oak_slab":18,"minecraft:emerald":9,"minecraft:cauldron":2,"minecraft:cooked_porkchop":5,"minecraft:crafting_table":12,"minecraft:acacia_slab":198,"minecraft:wooden_pickaxe":2,"minecraft:baked_potato":214,"minecraft:iron_helmet":9,"minecraft:copper_ingot":40,"minecraft:birch_planks":132,"minecraft:charcoal":128,"minecraft:iron_chestplate":10,"minecraft:book":62,"minecraft:paper":180,"minecraft:diamond_pickaxe":2,"minecraft:shield":3,"minecraft:stick":824,"minecraft:iron_ingot":341,"minecraft:iron_pickaxe":33,"minecraft:iron_block":3,"minecraft:stone_sword":6,"minecraft:gold_ingot":63,"minecraft:composter":2,"minecraft:deepslate_bricks":4,"minecraft:polished_andesite":104,"minecraft:cobbled_deepslate_slab":6,"minecraft:oak_door":3,"minecraft:raw_iron":27,"minecraft:stone_shovel":5,"minecraft:furnace":7,"minecraft:acacia_fence_gate":10,"minecraft:bone_meal":120,"minecraft:oak_trapdoor":4,"minecraft:flint_and_steel":1,"minecraft:polished_diorite":500,"minecraft:polished_deepslate":8,"minecraft:iron_axe":7,"minecraft:ladder":3,"minecraft:stone_pickaxe":32,"minecraft:wheat":902,"minecraft:cooked_beef":48,"minecraft:crimson_planks":4,"minecraft:diamond_sword":1,"minecraft:enchanting_table":1,"minecraft:iron_sword":14,"minecraft:acacia_trapdoor":8,"minecraft:cooked_salmon":1,"minecraft:polished_granite":348,"minecraft:acacia_stairs":4,"minecraft:bucket":7,"minecraft:stone_axe":6,"minecraft:bread":406,"minecraft:air":0,"minecraft:acacia_boat":4,"minecraft:oak_boat":1,"minecraft:birch_trapdoor":76,"minecraft:iron_shovel":5,"minecraft:iron_leggings":18,"minecraft:anvil":1,"minecraft:white_bed":5,"minecraft:acacia_planks":1032,"minecraft:torch":1356},"minecraft:killed":{"minecraft:cave_spider":8,"minecraft:zombified_piglin":11,"minecraft:witch":4,"minecraft:spider":20,"minecraft:skeleton":354,"minecraft:chicken":60,"minecraft:tropical_fish":1,"minecraft:pig":2,"minecraft:zombie_villager":10,"minecraft:salmon":2,"minecraft:creeper":298,"minecraft:sheep":23,"minecraft:trader_llama":2,"minecraft:zombie":355,"minecraft:blaze":2,"minecraft:cow":73,"minecraft:slime":19,"minecraft:drowned":1,"minecraft:bat":2,"minecraft:wandering_trader":1,"minecraft:hoglin":1,"minecraft:wither_skeleton":2,"minecraft:villager":1,"minecraft:enderman":4},"minecraft:mined":{"minecraft:white_bed":13,"minecraft:farmland":24,"minecraft:brewing_stand":3,"minecraft:obsidian":2,"minecraft:granite":427,"minecraft:budding_amethyst":9,"minecraft:red_sand":1,"minecraft:acacia_log":286,"minecraft:grass_block":1138,"minecraft:polished_diorite":8,"minecraft:chiseled_tuff_bricks":1,"minecraft:hopper":8,"minecraft:composter":2,"minecraft:crimson_fungus":1,"minecraft:oak_wall_sign":1,"minecraft:tuff_bricks":14,"minecraft:spawner":3,"minecraft:tall_seagrass":2,"minecraft:weeping_vines_plant":1,"minecraft:raw_iron_block":3,"minecraft:glowstone":27,"minecraft:barrel":5,"minecraft:iron_ore":213,"minecraft:cobbled_deepslate":163,"minecraft:fire":13,"minecraft:pumpkin":2,"minecraft:deepslate_lapis_ore":27,"minecraft:enchanting_table":2,"minecraft:pointed_dripstone":7,"minecraft:dirt_path":14,"minecraft:orange_bed":5,"minecraft:deepslate_redstone_ore":45,"minecraft:red_bed":2,"minecraft:blackstone":1,"minecraft:melon_stem":3,"minecraft:crimson_nylium":5,"minecraft:torch":33,"minecraft:calcite":139,"minecraft:chest":29,"minecraft:dead_bush":5,"minecraft:nether_quartz_ore":39,"minecraft:glass":12,"minecraft:cobblestone":294,"minecraft:grindstone":1,"minecraft:sugar_cane":442,"minecraft:oak_planks":10,"minecraft:wall_torch":48,"minecraft:amethyst_block":139,"minecraft:cauldron":1,"minecraft:deepslate_copper_ore":6,"minecraft:chain":3,"minecraft:nether_wart_block":1,"minecraft:birch_log":92,"minecraft:wheat":839,"minecraft:birch_trapdoor":1,"minecraft:oak_log":448,"minecraft:acacia_fence":15,"minecraft:sand":49,"minecraft:dirt":444,"minecraft:smooth_basalt":133,"minecraft:netherrack":183,"minecraft:oak_leaves":141,"minecraft:deepslate":943,"minecraft:nether_gold_ore":13,"minecraft:tuff":139,"minecraft:red_carpet":1,"minecraft:deepslate_diamond_ore":65,"minecraft:oak_door":6,"minecraft:glow_lichen":6,"minecraft:nether_bricks":2,"minecraft:crimson_roots":3,"minecraft:redstone_wire":14,"minecraft:acacia_slab":102,"minecraft:sandstone":6,"minecraft:crimson_stem":6,"minecraft:hay_block":86,"minecraft:oak_trapdoor":2,"minecraft:furnace":12,"minecraft:carrots":411,"minecraft:acacia_trapdoor":9,"minecraft:andesite":68,"minecraft:bell":3,"minecraft:nether_brick_fence":2,"minecraft:polished_deepslate":1,"minecraft:bookshelf":14,"minecraft:potatoes":310,"minecraft:cobblestone_slab":50,"minecraft:deepslate_iron_ore":212,"minecraft:rail":74,"minecraft:stripped_oak_log":1,"minecraft:stone":2379,"minecraft:oak_slab":7,"minecraft:acacia_leaves":50,"minecraft:basalt":1,"minecraft:crafting_table":13,"minecraft:short_grass":1251,"minecraft:tall_grass":88,"minecraft:copper_ore":58,"minecraft:deepslate_gold_ore":178,"minecraft:lapis_ore":15,"minecraft:diorite":607,"minecraft:cactus":2,"minecraft:acacia_fence_gate":6,"minecraft:birch_leaves":7,"minecraft:coal_ore":432,"minecraft:acacia_door":1,"minecraft:gravel":114,"minecraft:dripstone_block":36,"minecraft:cobweb":101,"minecraft:acacia_planks":17,"minecraft:oak_button":1,"minecraft:gold_ore":11},"minecraft:custom":{"minecraft:animals_bred":149,"minecraft:interact_with_crafting_table":199,"minecraft:open_barrel":30,"minecraft:bell_ring":49,"minecraft:leave_game":23,"minecraft:time_since_death":64915,"minecraft:sprint_one_cm":3894466,"minecraft:damage_blocked_by_shield":1710,"minecraft:drop":1312,"minecraft:talked_to_villager":71,"minecraft:play_time":1683233,"minecraft:deaths":47,"minecraft:jump":20260,"minecraft:walk_on_water_one_cm":266337,"minecraft:enchant_item":18,"minecraft:interact_with_furnace":345,"minecraft:traded_with_villager":9,"minecraft:interact_with_cartography_table":2,"minecraft:sleep_in_bed":93,"minecraft:damage_dealt":65319,"minecraft:player_kills":2,"minecraft:crouch_one_cm":191292,"minecraft:interact_with_smoker":36,"minecraft:use_cauldron":27,"minecraft:horse_one_cm":2796,"minecraft:mob_kills":1267,"minecraft:interact_with_anvil":16,"minecraft:inspect_hopper":9,"minecraft:climb_one_cm":7780,"minecraft:walk_one_cm":3615966,"minecraft:sneak_time":60904,"minecraft:walk_under_water_one_cm":256022,"minecraft:boat_one_cm":579631,"minecraft:total_world_time":1683233,"minecraft:interact_with_grindstone":1,"minecraft:time_since_rest":35692,"minecraft:damage_taken":30886,"minecraft:swim_one_cm":536147,"minecraft:fly_one_cm":3894329,"minecraft:open_chest":1429,"minecraft:fall_one_cm":443122}},"DataVersion":3953}