{"stats":{"minecraft:custom":{"minecraft:interact_with_furnace":12,"minecraft:mob_kills":16,"minecraft:interact_with_crafting_table":13,"minecraft:play_one_minute":63319,"minecraft:damage_dealt_resisted":88,"minecraft:time_since_death":43824,"minecraft:time_since_rest":43857,"minecraft:sprint_one_cm":115857,"minecraft:damage_taken":765,"minecraft:walk_one_cm":147683,"minecraft:damage_blocked_by_shield":450,"minecraft:damage_dealt":2840,"minecraft:swim_one_cm":2899,"minecraft:fly_one_cm":73629,"minecraft:open_chest":12,"minecraft:crouch_one_cm":845,"minecraft:deaths":1,"minecraft:sneak_time":271,"minecraft:walk_under_water_one_cm":1390,"minecraft:jump":555,"minecraft:walk_on_water_one_cm":14109,"minecraft:fall_one_cm":11809},"minecraft:broken":{"minecraft:stone_pickaxe":4,"minecraft:iron_pickaxe":2},"minecraft:picked_up":{"minecraft:birch_log":7,"minecraft:crafting_table":2,"minecraft:clay_ball":4,"minecraft:andesite":4,"minecraft:flint":2,"minecraft:dirt":92,"minecraft:string":12,"minecraft:bone":5,"minecraft:stone_pickaxe":1,"quark:tallow":16,"minecraft:iron_ore":51,"minecraft:sugar_cane":4,"minecraft:furnace":1,"minecraft:stick":2,"tconstruct:copper_ore":48,"minecraft:torch":5,"minecraft:gravel":1,"minecraft:porkchop":5,"minecraft:spruce_sapling":3,"minecraft:spruce_log":15,"minecraft:carrot":5,"minecraft:redstone":96,"minecraft:spider_eye":1,"quark:cobbled_deepslate":277,"minecraft:stone_sword":1,"minecraft:arrow":3,"minecraft:rotten_flesh":9,"minecraft:stone_axe":1,"quark:smooth_basalt":6,"minecraft:granite":39,"minecraft:emerald":1,"minecraft:coal":109,"minecraft:cobblestone":559},"minecraft:crafted":{"minecraft:cooked_porkchop":1,"minecraft:crafting_table":2,"minecraft:spruce_planks":60,"minecraft:wooden_pickaxe":1,"minecraft:spruce_door":3,"minecraft:furnace":6,"minecraft:bone_meal":3,"minecraft:stone_axe":1,"minecraft:air":0,"minecraft:white_wool":1,"minecraft:charcoal":7,"minecraft:shield":1,"minecraft:stick":40,"minecraft:iron_ingot":13,"minecraft:iron_pickaxe":3,"minecraft:stone_pickaxe":4,"minecraft:stone_sword":1,"quark:spruce_chest":1,"minecraft:torch":84,"minecraft:stone_hoe":1},"minecraft:used":{"minecraft:stone_sword":73,"minecraft:spruce_door":2,"minecraft:stone_pickaxe":524,"minecraft:shield":11,"minecraft:wooden_pickaxe":18,"minecraft:stone_hoe":6,"minecraft:rotten_flesh":1,"minecraft:torch":60,"minecraft:dirt":23,"minecraft:crafting_table":3,"minecraft:carrot":6,"quark:spruce_chest":1,"minecraft:iron_pickaxe":614,"minecraft:gravel":1,"minecraft:stone_axe":55,"minecraft:cobblestone":4,"minecraft:furnace":6,"minecraft:porkchop":3,"minecraft:cooked_porkchop":1,"minecraft:bone_meal":3},"minecraft:killed_by":{"minecraft:skeleton":1},"minecraft:killed":{"minecraft:pig":3,"minecraft:spider":3,"minecraft:creeper":1,"minecraft:skeleton":3,"minecraft:zombie":5},"minecraft:mined":{"tconstruct:copper_ore":48,"minecraft:clay":1,"minecraft:crafting_table":2,"minecraft:granite":39,"minecraft:emerald_ore":1,"minecraft:grass_block":13,"minecraft:spruce_leaves":38,"minecraft:sugar_cane":1,"minecraft:wall_torch":3,"minecraft:large_fern":4,"minecraft:redstone_ore":21,"minecraft:furnace":1,"minecraft:birch_log":7,"minecraft:iron_ore":51,"minecraft:spruce_log":14,"minecraft:andesite":4,"minecraft:birch_leaves":3,"quark:deepslate":277,"quark:smooth_basalt":6,"minecraft:grass":4,"minecraft:coal_ore":117,"minecraft:gravel":2,"minecraft:dirt":31,"minecraft:stone":560,"minecraft:fern":2}},"DataVersion":2586}