{"stats":{"minecraft:mined":{"minecraft:white_bed":8,"minecraft:farmland":24,"minecraft:brewing_stand":2,"minecraft:obsidian":2,"minecraft:granite":420,"minecraft:budding_amethyst":9,"minecraft:red_sand":1,"minecraft:acacia_log":195,"minecraft:grass_block":1138,"minecraft:polished_diorite":8,"minecraft:crimson_fungus":1,"minecraft:composter":2,"minecraft:hopper":8,"minecraft:oak_wall_sign":1,"minecraft:spawner":3,"minecraft:tall_seagrass":2,"minecraft:weeping_vines_plant":1,"minecraft:raw_iron_block":3,"minecraft:glowstone":27,"minecraft:cobbled_deepslate":162,"minecraft:barrel":5,"minecraft:iron_ore":213,"minecraft:fire":13,"minecraft:pumpkin":2,"minecraft:deepslate_lapis_ore":26,"minecraft:enchanting_table":2,"minecraft:pointed_dripstone":7,"minecraft:dirt_path":13,"minecraft:orange_bed":5,"minecraft:deepslate_redstone_ore":45,"minecraft:red_bed":2,"minecraft:blackstone":1,"minecraft:melon_stem":3,"minecraft:crimson_nylium":5,"minecraft:torch":32,"minecraft:calcite":139,"minecraft:chest":29,"minecraft:dead_bush":5,"minecraft:nether_quartz_ore":39,"minecraft:glass":12,"minecraft:cobblestone":279,"minecraft:grindstone":1,"minecraft:oak_planks":10,"minecraft:sugar_cane":423,"minecraft:wall_torch":48,"minecraft:amethyst_block":139,"minecraft:cauldron":1,"minecraft:deepslate_copper_ore":6,"minecraft:chain":3,"minecraft:nether_wart_block":1,"minecraft:wheat":839,"minecraft:birch_log":71,"minecraft:birch_trapdoor":1,"minecraft:oak_log":420,"minecraft:acacia_fence":15,"minecraft:sand":47,"minecraft:dirt":437,"minecraft:smooth_basalt":133,"minecraft:netherrack":183,"minecraft:oak_leaves":137,"minecraft:deepslate":611,"minecraft:nether_gold_ore":13,"minecraft:red_carpet":1,"minecraft:tuff":123,"minecraft:deepslate_diamond_ore":23,"minecraft:oak_door":6,"minecraft:glow_lichen":6,"minecraft:nether_bricks":2,"minecraft:crimson_roots":3,"minecraft:redstone_wire":14,"minecraft:acacia_slab":102,"minecraft:sandstone":6,"minecraft:crimson_stem":6,"minecraft:hay_block":65,"minecraft:furnace":11,"minecraft:carrots":411,"minecraft:acacia_trapdoor":9,"minecraft:andesite":68,"minecraft:bell":3,"minecraft:nether_brick_fence":2,"minecraft:polished_deepslate":1,"minecraft:bookshelf":14,"minecraft:potatoes":310,"minecraft:cobblestone_slab":50,"minecraft:deepslate_iron_ore":212,"minecraft:rail":74,"minecraft:stripped_oak_log":1,"minecraft:stone":2244,"minecraft:oak_slab":5,"minecraft:acacia_leaves":31,"minecraft:basalt":1,"minecraft:crafting_table":11,"minecraft:short_grass":1083,"minecraft:tall_grass":84,"minecraft:copper_ore":58,"minecraft:deepslate_gold_ore":86,"minecraft:lapis_ore":15,"minecraft:diorite":583,"minecraft:cactus":2,"minecraft:acacia_fence_gate":6,"minecraft:birch_leaves":4,"minecraft:coal_ore":430,"minecraft:dripstone_block":35,"minecraft:gravel":103,"minecraft:acacia_door":1,"minecraft:cobweb":101,"minecraft:acacia_planks":17,"minecraft:oak_button":1,"minecraft:gold_ore":11},"minecraft:picked_up":{"minecraft:iron_chestplate":26,"minecraft:wheat":1056,"minecraft:chainmail_boots":1,"minecraft:nether_brick_fence":1,"minecraft:lead":8,"minecraft:enchanted_book":22,"minecraft:nether_brick":21,"minecraft:brewing_stand":4,"minecraft:golden_sword":4,"minecraft:amethyst_block":164,"minecraft:polished_deepslate":3,"minecraft:music_disc_cat":5,"minecraft:string":414,"minecraft:raw_copper":542,"minecraft:cooked_salmon":2,"minecraft:iron_leggings":9,"minecraft:oak_sign":16,"minecraft:activator_rail":24,"minecraft:red_sand":1,"minecraft:gold_nugget":233,"minecraft:cobbled_deepslate":1346,"minecraft:bucket":20,"minecraft:acacia_fence_gate":10,"minecraft:cobblestone_slab":554,"minecraft:calcite":136,"minecraft:iron_pickaxe":27,"minecraft:enchanted_golden_apple":3,"minecraft:iron_boots":31,"minecraft:furnace":11,"minecraft:golden_helmet":3,"minecraft:stick":329,"minecraft:acacia_fence":44,"minecraft:composter":6,"minecraft:birch_trapdoor":5,"minecraft:torch":1443,"minecraft:acacia_log":255,"minecraft:porkchop":17,"minecraft:pointed_dripstone":76,"minecraft:diorite":813,"minecraft:golden_chestplate":7,"minecraft:cauldron":2,"minecraft:orange_bed":6,"minecraft:cactus":5,"minecraft:stone_sword":30,"minecraft:rotten_flesh":343,"minecraft:tropical_fish":1,"minecraft:armadillo_scute":10,"minecraft:glowstone":5,"minecraft:bookshelf":3,"minecraft:blaze_rod":1,"minecraft:obsidian":20,"minecraft:cobblestone":4757,"minecraft:birch_log":145,"minecraft:enchanting_table":2,"minecraft:feather":154,"minecraft:cooked_beef":97,"minecraft:water_bucket":14,"minecraft:andesite":181,"minecraft:golden_leggings":2,"minecraft:potato":1091,"minecraft:flint":31,"minecraft:tuff":171,"minecraft:acacia_boat":32,"minecraft:dirt":2697,"minecraft:map":4,"minecraft:lapis_lazuli":604,"minecraft:polished_granite":11,"minecraft:name_tag":26,"minecraft:bone":270,"minecraft:acacia_planks":176,"minecraft:bow":20,"minecraft:wheat_seeds":3750,"minecraft:raw_gold":158,"minecraft:cobbled_deepslate_slab":6,"minecraft:bell":8,"minecraft:grindstone":3,"minecraft:glowstone_dust":151,"minecraft:powered_rail":9,"minecraft:stone_hoe":5,"minecraft:oak_planks":170,"minecraft:poisonous_potato":9,"minecraft:sand":54,"minecraft:ink_sac":26,"minecraft:grass_block":1,"minecraft:acacia_stairs":4,"minecraft:spectral_arrow":54,"minecraft:barrel":5,"minecraft:stripped_acacia_log":4,"minecraft:polished_andesite":123,"minecraft:sugar":9,"minecraft:diamond":66,"minecraft:granite":493,"minecraft:bone_meal":1,"minecraft:golden_apple":9,"minecraft:bread":651,"minecraft:golden_horse_armor":2,"minecraft:emerald":18,"minecraft:oak_sapling":147,"minecraft:netherrack":329,"minecraft:crimson_roots":7,"minecraft:diamond_pickaxe":14,"minecraft:charcoal":90,"minecraft:crafting_table":13,"minecraft:splash_potion":3,"minecraft:chicken":117,"minecraft:leather_leggings":2,"minecraft:chest_minecart":4,"minecraft:chain":8,"minecraft:red_bed":4,"minecraft:iron_axe":4,"minecraft:acacia_door":1,"minecraft:flint_and_steel":10,"minecraft:birch_fence":15,"minecraft:iron_shovel":8,"minecraft:blackstone":63,"minecraft:detector_rail":9,"minecraft:beef":138,"minecraft:iron_nugget":19,"minecraft:poppy":9,"minecraft:sugar_cane":1084,"minecraft:chest":37,"minecraft:birch_sapling":2,"minecraft:egg":138,"minecraft:raw_iron":595,"minecraft:sandstone":6,"minecraft:oak_door":10,"minecraft:copper_ingot":64,"minecraft:fire_charge":9,"minecraft:carrot":1327,"minecraft:redstone":628,"minecraft:iron_horse_armor":2,"minecraft:arrow":139,"minecraft:weeping_vines":3,"minecraft:stone_shovel":13,"minecraft:beetroot_seeds":9,"minecraft:nether_bricks":2,"minecraft:deepslate_bricks":2,"minecraft:hay_block":65,"minecraft:saddle":1,"minecraft:gold_ingot":52,"minecraft:glow_berries":11,"minecraft:mutton":65,"minecraft:rail":176,"minecraft:white_wool":25,"minecraft:stripped_oak_log":2,"minecraft:basalt":1,"minecraft:crimson_stem":6,"minecraft:salmon":3,"minecraft:leather":128,"minecraft:oak_log":778,"minecraft:golden_boots":3,"minecraft:nether_wart_block":1,"minecraft:gunpowder":182,"minecraft:cooked_mutton":14,"minecraft:apple":25,"minecraft:acacia_trapdoor":11,"minecraft:iron_ingot":178,"minecraft:stone_pickaxe":53,"minecraft:cooked_chicken":2,"minecraft:glass_bottle":3,"minecraft:acacia_sapling":9,"minecraft:iron_sword":20,"minecraft:soul_sand":26,"minecraft:book":97,"minecraft:oak_slab":12,"minecraft:smooth_basalt":177,"minecraft:pumpkin":2,"minecraft:quartz":129,"minecraft:raw_iron_block":6,"minecraft:dripstone_block":65,"minecraft:gravel":281,"minecraft:lava_bucket":4,"minecraft:amethyst_shard":26,"minecraft:white_bed":12,"minecraft:spider_eye":20,"minecraft:pumpkin_seeds":34,"minecraft:slime_ball":11,"minecraft:stone_axe":7,"minecraft:polished_diorite":104,"minecraft:iron_helmet":9,"minecraft:oak_button":1,"minecraft:baked_potato":541,"minecraft:melon_seeds":26,"minecraft:acacia_slab":258,"minecraft:black_wool":5,"minecraft:coal":834,"minecraft:hopper":8,"minecraft:ender_pearl":19},"minecraft:killed_by":{"minecraft:zombified_piglin":4,"minecraft:creeper":2,"minecraft:zombie":9,"minecraft:player":3,"minecraft:enderman":1,"minecraft:iron_golem":1,"minecraft:hoglin":1,"minecraft:skeleton":9},"minecraft:used":{"minecraft:iron_shovel":1312,"minecraft:polished_deepslate":7,"minecraft:ladder":3,"minecraft:oak_sign":13,"minecraft:chest":75,"minecraft:iron_sword":1287,"minecraft:bell":3,"minecraft:iron_chestplate":8,"minecraft:carrot":542,"minecraft:tuff":17,"minecraft:acacia_sapling":15,"minecraft:glass":22,"minecraft:lava_bucket":46,"minecraft:birch_sapling":3,"minecraft:iron_helmet":1,"minecraft:birch_trapdoor":73,"minecraft:bow":2,"minecraft:oak_sapling":6,"minecraft:furnace":12,"minecraft:acacia_fence":92,"minecraft:egg":64,"minecraft:potato":408,"minecraft:diorite":7,"minecraft:acacia_trapdoor":9,"minecraft:stone_pickaxe":1983,"minecraft:oak_planks":2,"minecraft:blackstone":1,"minecraft:ender_pearl":2,"minecraft:wooden_pickaxe":69,"minecraft:sandstone":5,"minecraft:composter":2,"minecraft:sugar_cane":64,"minecraft:sand":4,"minecraft:dripstone_block":21,"minecraft:acacia_door":1,"minecraft:bread":223,"minecraft:gravel":8,"minecraft:andesite":26,"minecraft:oak_boat":1,"minecraft:bone_meal":109,"minecraft:acacia_log":17,"minecraft:enchanting_table":3,"minecraft:stone_sword":495,"minecraft:flint_and_steel":19,"minecraft:stone_shovel":444,"minecraft:cooked_salmon":1,"minecraft:stone_hoe":284,"minecraft:netherrack":116,"minecraft:oak_door":7,"minecraft:orange_bed":5,"minecraft:torch":953,"minecraft:dirt":1125,"minecraft:anvil":1,"minecraft:wheat":1,"minecraft:hopper":13,"minecraft:golden_chestplate":1,"minecraft:granite":8,"minecraft:polished_diorite":8,"minecraft:iron_hoe":57,"minecraft:bookshelf":26,"minecraft:iron_axe":332,"minecraft:acacia_slab":138,"minecraft:iron_boots":5,"minecraft:crimson_planks":4,"minecraft:barrel":9,"minecraft:smooth_basalt":3,"minecraft:cooked_beef":8,"minecraft:acacia_planks":94,"minecraft:cobbled_deepslate":511,"minecraft:pumpkin":1,"minecraft:iron_leggings":3,"minecraft:pointed_dripstone":2,"minecraft:wheat_seeds":718,"minecraft:cooked_mutton":5,"minecraft:acacia_boat":29,"minecraft:water_bucket":215,"minecraft:polished_andesite":2,"minecraft:baked_potato":77,"minecraft:cauldron":4,"minecraft:cobblestone_slab":806,"minecraft:deepslate_bricks":2,"minecraft:salmon":1,"minecraft:oak_slab":11,"minecraft:crafting_table":17,"minecraft:red_bed":3,"minecraft:white_bed":15,"minecraft:oak_log":3,"minecraft:diamond_pickaxe":301,"minecraft:oak_button":7,"minecraft:iron_pickaxe":4567,"minecraft:acacia_fence_gate":10,"minecraft:stone_axe":612,"minecraft:cobblestone":1635,"minecraft:cobbled_deepslate_slab":3,"minecraft:cooked_porkchop":1,"minecraft:bucket":273},"minecraft:dropped":{"minecraft:acacia_boat":1,"minecraft:iron_sword":9,"minecraft:oak_log":52,"minecraft:baked_potato":96,"minecraft:crafting_table":1,"minecraft:glow_berries":2,"minecraft:dirt":108,"minecraft:crimson_roots":1,"minecraft:bone_meal":17,"minecraft:gold_nugget":1,"minecraft:iron_pickaxe":10,"minecraft:white_wool":1,"minecraft:gold_ingot":35,"minecraft:bone":2,"minecraft:oak_door":3,"minecraft:gravel":6,"minecraft:stone_axe":8,"minecraft:sugar_cane":19,"minecraft:cobbled_deepslate":95,"minecraft:golden_chestplate":1,"minecraft:wheat":5,"minecraft:rotten_flesh":11,"minecraft:oak_planks":4,"minecraft:cooked_mutton":16,"minecraft:white_bed":2,"minecraft:carrot":147,"minecraft:poppy":3,"minecraft:charcoal":24,"minecraft:melon_seeds":6,"minecraft:chainmail_boots":1,"minecraft:arrow":11,"minecraft:polished_granite":356,"minecraft:netherrack":76,"minecraft:iron_ingot":8,"minecraft:stone_hoe":1,"minecraft:water_bucket":2,"minecraft:golden_boots":2,"minecraft:bread":164,"minecraft:oak_slab":2,"minecraft:wheat_seeds":1538,"minecraft:book":8,"minecraft:cobblestone":180,"minecraft:iron_helmet":4,"minecraft:amethyst_block":29,"minecraft:granite":40,"minecraft:tropical_fish":1,"minecraft:acacia_trapdoor":2,"minecraft:coal":57,"minecraft:polished_andesite":143,"minecraft:stick":34,"minecraft:lava_bucket":1,"minecraft:diorite":222,"minecraft:torch":500,"minecraft:iron_leggings":4,"minecraft:armadillo_scute":2,"minecraft:iron_axe":1,"minecraft:iron_shovel":1,"minecraft:string":1,"minecraft:acacia_planks":28,"minecraft:bucket":5,"minecraft:music_disc_cat":1,"minecraft:smooth_basalt":100,"minecraft:redstone":14,"minecraft:polished_diorite":498,"minecraft:stone_sword":15,"minecraft:tuff":19,"minecraft:stone_shovel":5,"minecraft:iron_boots":10,"minecraft:oak_button":1,"minecraft:diamond_pickaxe":8,"minecraft:iron_chestplate":8,"minecraft:spider_eye":1,"minecraft:stripped_acacia_log":2,"minecraft:stone_pickaxe":32,"minecraft:bow":2,"minecraft:black_wool":3},"minecraft:custom":{"minecraft:animals_bred":134,"minecraft:interact_with_crafting_table":182,"minecraft:open_barrel":28,"minecraft:bell_ring":43,"minecraft:leave_game":21,"minecraft:time_since_death":19165,"minecraft:sprint_one_cm":3384545,"minecraft:drop":972,"minecraft:talked_to_villager":71,"minecraft:play_time":1469085,"minecraft:deaths":38,"minecraft:jump":17017,"minecraft:walk_on_water_one_cm":229366,"minecraft:enchant_item":18,"minecraft:interact_with_furnace":335,"minecraft:traded_with_villager":9,"minecraft:interact_with_cartography_table":2,"minecraft:sleep_in_bed":88,"minecraft:damage_dealt":47671,"minecraft:player_kills":2,"minecraft:crouch_one_cm":177987,"minecraft:interact_with_smoker":1,"minecraft:use_cauldron":26,"minecraft:mob_kills":802,"minecraft:interact_with_anvil":14,"minecraft:inspect_hopper":3,"minecraft:climb_one_cm":6480,"minecraft:walk_one_cm":3288619,"minecraft:sneak_time":56868,"minecraft:walk_under_water_one_cm":201193,"minecraft:boat_one_cm":579631,"minecraft:total_world_time":1469085,"minecraft:interact_with_grindstone":1,"minecraft:time_since_rest":12131,"minecraft:damage_taken":25303,"minecraft:swim_one_cm":439785,"minecraft:fly_one_cm":3216637,"minecraft:open_chest":1263,"minecraft:fall_one_cm":359473},"minecraft:killed":{"minecraft:cave_spider":8,"minecraft:zombified_piglin":11,"minecraft:witch":2,"minecraft:spider":17,"minecraft:skeleton":204,"minecraft:chicken":60,"minecraft:tropical_fish":1,"minecraft:pig":2,"minecraft:zombie_villager":5,"minecraft:salmon":1,"minecraft:creeper":165,"minecraft:sheep":23,"minecraft:trader_llama":2,"minecraft:zombie":195,"minecraft:blaze":2,"minecraft:cow":73,"minecraft:slime":11,"minecraft:bat":1,"minecraft:wandering_trader":1,"minecraft:hoglin":1,"minecraft:wither_skeleton":2,"minecraft:villager":1,"minecraft:enderman":4},"minecraft:crafted":{"minecraft:oak_planks":604,"minecraft:cobblestone_slab":792,"minecraft:oak_sign":12,"minecraft:barrel":4,"minecraft:cooked_chicken":1,"minecraft:bookshelf":26,"minecraft:cooked_mutton":13,"minecraft:glass":28,"minecraft:hopper":5,"minecraft:iron_boots":10,"minecraft:chest":51,"minecraft:oak_button":7,"minecraft:acacia_fence":111,"minecraft:stone_hoe":4,"minecraft:oak_slab":18,"minecraft:emerald":9,"minecraft:cauldron":2,"minecraft:cooked_porkchop":5,"minecraft:crafting_table":9,"minecraft:acacia_slab":198,"minecraft:wooden_pickaxe":2,"minecraft:baked_potato":208,"minecraft:iron_helmet":7,"minecraft:copper_ingot":40,"minecraft:birch_planks":132,"minecraft:iron_chestplate":8,"minecraft:book":53,"minecraft:paper":153,"minecraft:diamond_pickaxe":2,"minecraft:charcoal":128,"minecraft:stick":820,"minecraft:iron_ingot":341,"minecraft:iron_pickaxe":29,"minecraft:iron_block":3,"minecraft:stone_sword":6,"minecraft:gold_ingot":63,"minecraft:composter":2,"minecraft:deepslate_bricks":4,"minecraft:polished_andesite":104,"minecraft:cobbled_deepslate_slab":6,"minecraft:oak_door":3,"minecraft:raw_iron":27,"minecraft:stone_shovel":5,"minecraft:furnace":7,"minecraft:acacia_fence_gate":10,"minecraft:bone_meal":120,"minecraft:flint_and_steel":1,"minecraft:polished_diorite":500,"minecraft:polished_deepslate":8,"minecraft:iron_axe":6,"minecraft:ladder":3,"minecraft:stone_pickaxe":32,"minecraft:wheat":713,"minecraft:cooked_beef":48,"minecraft:crimson_planks":4,"minecraft:diamond_sword":1,"minecraft:enchanting_table":1,"minecraft:iron_sword":11,"minecraft:acacia_trapdoor":8,"minecraft:cooked_salmon":1,"minecraft:polished_granite":348,"minecraft:acacia_stairs":4,"minecraft:bucket":6,"minecraft:stone_axe":6,"minecraft:bread":406,"minecraft:air":0,"minecraft:acacia_boat":4,"minecraft:oak_boat":1,"minecraft:birch_trapdoor":76,"minecraft:iron_shovel":5,"minecraft:iron_leggings":17,"minecraft:anvil":1,"minecraft:white_bed":5,"minecraft:acacia_planks":1032,"minecraft:torch":1276},"minecraft:broken":{"minecraft:iron_shovel":3,"minecraft:stone_pickaxe":13,"minecraft:stone_axe":4,"minecraft:iron_sword":3,"minecraft:stone_shovel":1,"minecraft:iron_hoe":1,"minecraft:stone_sword":2,"minecraft:wooden_pickaxe":1,"minecraft:stone_hoe":1,"minecraft:iron_axe":1,"minecraft:iron_pickaxe":16}},"DataVersion":3953}