{"stats":{"minecraft:mined":{"minecraft:white_bed":2,"minecraft:farmland":3,"minecraft:brewing_stand":2,"minecraft:obsidian":2,"minecraft:granite":420,"minecraft:budding_amethyst":9,"minecraft:acacia_log":192,"minecraft:red_sand":1,"minecraft:grass_block":1010,"minecraft:polished_diorite":6,"minecraft:spawner":3,"minecraft:tall_seagrass":2,"minecraft:raw_iron_block":3,"minecraft:fire":6,"minecraft:iron_ore":213,"minecraft:cobbled_deepslate":116,"minecraft:pumpkin":2,"minecraft:deepslate_lapis_ore":26,"minecraft:enchanting_table":2,"minecraft:pointed_dripstone":7,"minecraft:dirt_path":10,"minecraft:orange_bed":4,"minecraft:deepslate_redstone_ore":45,"minecraft:melon_stem":3,"minecraft:torch":31,"minecraft:calcite":139,"minecraft:chest":7,"minecraft:dead_bush":4,"minecraft:glass":10,"minecraft:cobblestone":147,"minecraft:grindstone":1,"minecraft:sugar_cane":360,"minecraft:oak_planks":9,"minecraft:wall_torch":47,"minecraft:amethyst_block":139,"minecraft:cauldron":1,"minecraft:deepslate_copper_ore":6,"minecraft:chain":3,"minecraft:birch_log":71,"minecraft:wheat":723,"minecraft:birch_trapdoor":1,"minecraft:oak_log":420,"minecraft:acacia_fence":13,"minecraft:sand":38,"minecraft:dirt":306,"minecraft:smooth_basalt":133,"minecraft:oak_leaves":137,"minecraft:deepslate":611,"minecraft:tuff":123,"minecraft:red_carpet":1,"minecraft:deepslate_diamond_ore":23,"minecraft:oak_door":6,"minecraft:glow_lichen":6,"minecraft:acacia_slab":98,"minecraft:sandstone":6,"minecraft:hay_block":65,"minecraft:furnace":5,"minecraft:carrots":208,"minecraft:acacia_trapdoor":5,"minecraft:andesite":68,"minecraft:polished_deepslate":1,"minecraft:bookshelf":14,"minecraft:potatoes":99,"minecraft:cobblestone_slab":45,"minecraft:deepslate_iron_ore":212,"minecraft:rail":74,"minecraft:stripped_oak_log":1,"minecraft:stone":2233,"minecraft:acacia_leaves":31,"minecraft:crafting_table":8,"minecraft:short_grass":952,"minecraft:tall_grass":77,"minecraft:copper_ore":58,"minecraft:lapis_ore":15,"minecraft:deepslate_gold_ore":86,"minecraft:diorite":583,"minecraft:cactus":2,"minecraft:acacia_fence_gate":6,"minecraft:birch_leaves":4,"minecraft:coal_ore":430,"minecraft:acacia_door":1,"minecraft:gravel":101,"minecraft:dripstone_block":35,"minecraft:cobweb":101,"minecraft:acacia_planks":17,"minecraft:gold_ore":11},"minecraft:picked_up":{"minecraft:iron_chestplate":18,"minecraft:wheat":755,"minecraft:chainmail_boots":1,"minecraft:lead":2,"minecraft:enchanted_book":12,"minecraft:brewing_stand":2,"minecraft:golden_sword":1,"minecraft:amethyst_block":164,"minecraft:polished_deepslate":3,"minecraft:music_disc_cat":4,"minecraft:string":331,"minecraft:raw_copper":238,"minecraft:iron_leggings":6,"minecraft:activator_rail":12,"minecraft:red_sand":1,"minecraft:gold_nugget":11,"minecraft:cobbled_deepslate":1070,"minecraft:bucket":12,"minecraft:acacia_fence_gate":5,"minecraft:cobblestone_slab":452,"minecraft:calcite":136,"minecraft:iron_pickaxe":27,"minecraft:enchanted_golden_apple":2,"minecraft:furnace":5,"minecraft:iron_boots":21,"minecraft:golden_helmet":1,"minecraft:stick":138,"minecraft:acacia_fence":11,"minecraft:birch_trapdoor":1,"minecraft:torch":943,"minecraft:acacia_log":229,"minecraft:porkchop":5,"minecraft:pointed_dripstone":40,"minecraft:diorite":786,"minecraft:golden_chestplate":4,"minecraft:cauldron":1,"minecraft:orange_bed":5,"minecraft:stone_sword":18,"minecraft:cactus":5,"minecraft:rotten_flesh":170,"minecraft:armadillo_scute":6,"minecraft:bookshelf":3,"minecraft:obsidian":2,"minecraft:cobblestone":3758,"minecraft:birch_log":107,"minecraft:enchanting_table":2,"minecraft:feather":4,"minecraft:cooked_beef":25,"minecraft:water_bucket":12,"minecraft:andesite":139,"minecraft:golden_leggings":2,"minecraft:potato":350,"minecraft:flint":14,"minecraft:tuff":155,"minecraft:acacia_boat":22,"minecraft:dirt":1887,"minecraft:lapis_lazuli":338,"minecraft:polished_granite":11,"minecraft:name_tag":11,"minecraft:bone":191,"minecraft:acacia_planks":65,"minecraft:bow":13,"minecraft:wheat_seeds":2096,"minecraft:raw_gold":158,"minecraft:grindstone":1,"minecraft:powered_rail":3,"minecraft:stone_hoe":1,"minecraft:oak_planks":58,"minecraft:poisonous_potato":2,"minecraft:sand":38,"minecraft:ink_sac":8,"minecraft:grass_block":1,"minecraft:stripped_acacia_log":4,"minecraft:polished_andesite":82,"minecraft:sugar":3,"minecraft:diamond":56,"minecraft:granite":475,"minecraft:golden_apple":5,"minecraft:golden_horse_armor":2,"minecraft:bread":651,"minecraft:oak_sapling":57,"minecraft:diamond_pickaxe":11,"minecraft:crafting_table":10,"minecraft:chicken":6,"minecraft:leather_leggings":1,"minecraft:chest_minecart":2,"minecraft:chain":4,"minecraft:red_bed":1,"minecraft:acacia_door":1,"minecraft:iron_axe":4,"minecraft:flint_and_steel":6,"minecraft:iron_shovel":4,"minecraft:detector_rail":2,"minecraft:beef":138,"minecraft:sugar_cane":677,"minecraft:chest":14,"minecraft:birch_sapling":1,"minecraft:egg":34,"minecraft:raw_iron":595,"minecraft:sandstone":6,"minecraft:oak_door":6,"minecraft:carrot":553,"minecraft:redstone":384,"minecraft:iron_horse_armor":2,"minecraft:arrow":105,"minecraft:stone_shovel":7,"minecraft:beetroot_seeds":4,"minecraft:deepslate_bricks":2,"minecraft:hay_block":65,"minecraft:saddle":1,"minecraft:gold_ingot":3,"minecraft:mutton":33,"minecraft:glow_berries":5,"minecraft:white_wool":21,"minecraft:rail":93,"minecraft:stripped_oak_log":1,"minecraft:salmon":2,"minecraft:leather":100,"minecraft:oak_log":417,"minecraft:gunpowder":74,"minecraft:cooked_mutton":14,"minecraft:apple":13,"minecraft:acacia_trapdoor":5,"minecraft:iron_ingot":9,"minecraft:stone_pickaxe":32,"minecraft:glass_bottle":1,"minecraft:acacia_sapling":9,"minecraft:iron_sword":18,"minecraft:book":96,"minecraft:smooth_basalt":177,"minecraft:pumpkin":2,"minecraft:raw_iron_block":6,"minecraft:dripstone_block":51,"minecraft:gravel":91,"minecraft:lava_bucket":3,"minecraft:amethyst_shard":10,"minecraft:white_bed":5,"minecraft:spider_eye":10,"minecraft:pumpkin_seeds":26,"minecraft:slime_ball":11,"minecraft:polished_diorite":38,"minecraft:stone_axe":7,"minecraft:iron_helmet":5,"minecraft:baked_potato":7,"minecraft:melon_seeds":24,"minecraft:acacia_slab":104,"minecraft:black_wool":4,"minecraft:coal":629,"minecraft:ender_pearl":1},"minecraft:killed_by":{"minecraft:zombified_piglin":3,"minecraft:zombie":8,"minecraft:player":3,"minecraft:enderman":1,"minecraft:skeleton":8},"minecraft:used":{"minecraft:iron_shovel":1248,"minecraft:polished_deepslate":7,"minecraft:ladder":3,"minecraft:chest":22,"minecraft:iron_sword":999,"minecraft:iron_chestplate":6,"minecraft:carrot":302,"minecraft:acacia_sapling":15,"minecraft:tuff":17,"minecraft:glass":22,"minecraft:lava_bucket":23,"minecraft:birch_sapling":3,"minecraft:iron_helmet":1,"minecraft:birch_trapdoor":73,"minecraft:bow":2,"minecraft:oak_sapling":6,"minecraft:furnace":12,"minecraft:acacia_fence":90,"minecraft:egg":13,"minecraft:potato":176,"minecraft:diorite":7,"minecraft:acacia_trapdoor":9,"minecraft:stone_pickaxe":1852,"minecraft:oak_planks":1,"minecraft:wooden_pickaxe":64,"minecraft:sandstone":5,"minecraft:composter":2,"minecraft:sugar_cane":61,"minecraft:sand":4,"minecraft:dripstone_block":21,"minecraft:acacia_door":1,"minecraft:bread":211,"minecraft:gravel":7,"minecraft:andesite":26,"minecraft:bone_meal":109,"minecraft:enchanting_table":3,"minecraft:stone_sword":340,"minecraft:acacia_log":17,"minecraft:flint_and_steel":19,"minecraft:stone_shovel":46,"minecraft:cooked_salmon":1,"minecraft:stone_hoe":283,"minecraft:oak_door":6,"minecraft:orange_bed":4,"minecraft:torch":928,"minecraft:dirt":575,"minecraft:anvil":1,"minecraft:wheat":1,"minecraft:golden_chestplate":1,"minecraft:granite":8,"minecraft:polished_diorite":8,"minecraft:iron_hoe":57,"minecraft:bookshelf":26,"minecraft:iron_axe":327,"minecraft:acacia_slab":138,"minecraft:iron_boots":4,"minecraft:smooth_basalt":3,"minecraft:cooked_beef":8,"minecraft:cobbled_deepslate":334,"minecraft:acacia_planks":94,"minecraft:pumpkin":1,"minecraft:iron_leggings":1,"minecraft:pointed_dripstone":2,"minecraft:wheat_seeds":638,"minecraft:cooked_mutton":5,"minecraft:acacia_boat":23,"minecraft:water_bucket":205,"minecraft:polished_andesite":2,"minecraft:cauldron":3,"minecraft:cobblestone_slab":798,"minecraft:deepslate_bricks":2,"minecraft:salmon":1,"minecraft:crafting_table":14,"minecraft:red_bed":1,"minecraft:white_bed":8,"minecraft:oak_log":3,"minecraft:diamond_pickaxe":9,"minecraft:iron_pickaxe":4469,"minecraft:acacia_fence_gate":10,"minecraft:stone_axe":590,"minecraft:cobblestone":1610,"minecraft:cooked_porkchop":1,"minecraft:bucket":235},"minecraft:dropped":{"minecraft:acacia_boat":1,"minecraft:iron_sword":8,"minecraft:baked_potato":32,"minecraft:crafting_table":1,"minecraft:glow_berries":2,"minecraft:dirt":108,"minecraft:bone_meal":17,"minecraft:iron_pickaxe":9,"minecraft:bone":2,"minecraft:oak_door":3,"minecraft:gravel":6,"minecraft:stone_axe":8,"minecraft:sugar_cane":19,"minecraft:cobbled_deepslate":71,"minecraft:wheat":4,"minecraft:rotten_flesh":8,"minecraft:cooked_mutton":16,"minecraft:white_bed":2,"minecraft:carrot":147,"minecraft:melon_seeds":6,"minecraft:chainmail_boots":1,"minecraft:arrow":6,"minecraft:polished_granite":356,"minecraft:water_bucket":2,"minecraft:bread":164,"minecraft:wheat_seeds":60,"minecraft:iron_helmet":3,"minecraft:cobblestone":96,"minecraft:book":8,"minecraft:amethyst_block":29,"minecraft:granite":40,"minecraft:coal":15,"minecraft:stick":9,"minecraft:polished_andesite":143,"minecraft:diorite":222,"minecraft:torch":346,"minecraft:iron_leggings":3,"minecraft:armadillo_scute":2,"minecraft:bucket":4,"minecraft:acacia_planks":16,"minecraft:smooth_basalt":100,"minecraft:polished_diorite":496,"minecraft:stone_sword":10,"minecraft:tuff":19,"minecraft:stone_shovel":3,"minecraft:iron_boots":9,"minecraft:diamond_pickaxe":8,"minecraft:iron_chestplate":7,"minecraft:stripped_acacia_log":2,"minecraft:bow":1,"minecraft:stone_pickaxe":29,"minecraft:black_wool":3},"minecraft:custom":{"minecraft:animals_bred":126,"minecraft:interact_with_crafting_table":146,"minecraft:open_barrel":6,"minecraft:bell_ring":6,"minecraft:leave_game":19,"minecraft:time_since_death":79953,"minecraft:sprint_one_cm":2605763,"minecraft:drop":498,"minecraft:talked_to_villager":51,"minecraft:play_time":1148557,"minecraft:deaths":29,"minecraft:jump":13311,"minecraft:walk_on_water_one_cm":185775,"minecraft:enchant_item":17,"minecraft:interact_with_furnace":276,"minecraft:traded_with_villager":3,"minecraft:interact_with_cartography_table":2,"minecraft:sleep_in_bed":72,"minecraft:damage_dealt":35006,"minecraft:crouch_one_cm":142504,"minecraft:interact_with_smoker":1,"minecraft:use_cauldron":22,"minecraft:mob_kills":389,"minecraft:interact_with_anvil":9,"minecraft:climb_one_cm":5074,"minecraft:walk_one_cm":2637598,"minecraft:sneak_time":44032,"minecraft:walk_under_water_one_cm":177041,"minecraft:boat_one_cm":488657,"minecraft:total_world_time":1148557,"minecraft:interact_with_grindstone":1,"minecraft:time_since_rest":9247,"minecraft:damage_taken":19298,"minecraft:swim_one_cm":237755,"minecraft:fly_one_cm":2392033,"minecraft:open_chest":728,"minecraft:fall_one_cm":306657},"minecraft:killed":{"minecraft:cave_spider":8,"minecraft:zombified_piglin":10,"minecraft:witch":2,"minecraft:spider":15,"minecraft:skeleton":71,"minecraft:chicken":7,"minecraft:pig":2,"minecraft:zombie_villager":3,"minecraft:salmon":1,"minecraft:creeper":43,"minecraft:sheep":22,"minecraft:trader_llama":2,"minecraft:zombie":104,"minecraft:cow":73,"minecraft:slime":11,"minecraft:bat":1,"minecraft:wandering_trader":1,"minecraft:villager":1,"minecraft:enderman":3},"minecraft:crafted":{"minecraft:oak_planks":324,"minecraft:cobblestone_slab":780,"minecraft:bookshelf":26,"minecraft:cooked_mutton":13,"minecraft:glass":28,"minecraft:iron_boots":7,"minecraft:chest":14,"minecraft:acacia_fence":111,"minecraft:stone_hoe":4,"minecraft:emerald":3,"minecraft:cauldron":2,"minecraft:cooked_porkchop":5,"minecraft:crafting_table":7,"minecraft:acacia_slab":198,"minecraft:baked_potato":144,"minecraft:wooden_pickaxe":1,"minecraft:iron_helmet":4,"minecraft:copper_ingot":40,"minecraft:birch_planks":132,"minecraft:book":53,"minecraft:iron_chestplate":6,"minecraft:paper":153,"minecraft:diamond_pickaxe":2,"minecraft:stick":752,"minecraft:iron_ingot":338,"minecraft:iron_pickaxe":22,"minecraft:iron_block":3,"minecraft:stone_sword":6,"minecraft:gold_ingot":16,"minecraft:composter":2,"minecraft:deepslate_bricks":4,"minecraft:polished_andesite":104,"minecraft:oak_door":3,"minecraft:raw_iron":27,"minecraft:stone_shovel":1,"minecraft:furnace":7,"minecraft:acacia_fence_gate":10,"minecraft:bone_meal":120,"minecraft:flint_and_steel":1,"minecraft:polished_diorite":500,"minecraft:polished_deepslate":8,"minecraft:iron_axe":3,"minecraft:ladder":3,"minecraft:stone_pickaxe":32,"minecraft:wheat":713,"minecraft:cooked_beef":48,"minecraft:diamond_sword":1,"minecraft:enchanting_table":1,"minecraft:iron_sword":7,"minecraft:acacia_trapdoor":8,"minecraft:cooked_salmon":1,"minecraft:polished_granite":348,"minecraft:bucket":2,"minecraft:acacia_stairs":4,"minecraft:stone_axe":6,"minecraft:acacia_boat":4,"minecraft:bread":406,"minecraft:air":0,"minecraft:birch_trapdoor":76,"minecraft:iron_shovel":5,"minecraft:iron_leggings":6,"minecraft:anvil":1,"minecraft:white_bed":5,"minecraft:acacia_planks":928,"minecraft:torch":1180},"minecraft:broken":{"minecraft:iron_shovel":3,"minecraft:stone_pickaxe":13,"minecraft:stone_axe":4,"minecraft:iron_sword":2,"minecraft:iron_hoe":1,"minecraft:stone_sword":1,"minecraft:stone_hoe":1,"minecraft:wooden_pickaxe":1,"minecraft:iron_axe":1,"minecraft:iron_pickaxe":16}},"DataVersion":3953}